base_course,course_id,comment_id,comment_created_at,text,word_count,votes,thread_id,thread_title,thread_created_at,parent_id
EVOLFUND,course-v1:UTPL+EVOLFUND+2018_1,5ad407ddec4a89af17001aab,,"Buenas noches, al igual que el compañero tengo el mismo problema al momento de resolver la autoevaluación, podría revisar por favor",21,0,5ad2979aec4a89af170019e0,Autoevaluación del personaje,,
EVOLFUND,course-v1:UTPL+EVOLFUND+2018_1,5ad60abaec4a89f42b0018b4,,Enseguida lo reviso. gracias por la información.,7,0,5ad2979aec4a89af170019e0,Autoevaluación del personaje,,
EVOLFUND,course-v1:UTPL+EVOLFUND+2018_1,5ad762ecec4a89ecb6001914,,"Estimados, Puede existir alguna falla que sea sólo por usuario porque hemos revisado que no es un problema que todos lo tengan. Cabe señalar que el ejercicio se marcará como correcto cuando todas las respuestas sean correctas. Por favor si me pueden enviar una captura de pantalla del problema. gracias, Saludos,",51,0,5ad2979aec4a89af170019e0,Autoevaluación del personaje,,
EVOLFUND,course-v1:UTPL+EVOLFUND+2018_1,5ad7732fec4a89af17001bd1,,"Buenas tardes, Cada semana se abre un nuevo cuestionario test que corresponde a la unidad de la semana. La pueden hacer cualquier momento hasta la semana 6 que es la finalización del curso. En total serán 6 cuestionarios durante el curso. Saludos,",42,0,5ad67889ec4a89f42b0018ee,Test,,
EVOLFUND,course-v1:UTPL+EVOLFUND+2018_1,5adc0d67ec4a89f42b0019b0,,"estimada tutora, me puede ayudar con la respuesta a la pregunta 1 del test 1, yo elegí tipicamente darwinista pero me salió como erróneo aunque a mi me parecía la más adecuada . saludos.",34,0,5ad67889ec4a89f42b0018ee,Test,,5ad7732fec4a89af17001bd1
EVOLFUND,course-v1:UTPL+EVOLFUND+2018_1,5ae07d0aec4a89253000000b,,Estimados Buenos días no se ve reflejado las autoevaluaciones pese al estar cumplidas !ingrese la descripción de la imagen aquí!ingrese la descripción de la imagen aquí 1 media 15246614852618322.png 2 media 1524661505788336.png,32,0,5ade2161ec4a896487001d35,Consulta,,
EVOLFUND,course-v1:UTPL+EVOLFUND+2018_1,5ae0bebbec4a89f42b001a45,,"Estimado, gracias por la información. Ahora chequeo en el sistema y me comunico apenas sea arreglado. Saludos, Monica",18,0,5ade2161ec4a896487001d35,Consulta,,
EVOLFUND,course-v1:UTPL+EVOLFUND+2018_1,5ae20567ec4a89c2cf000036,,"Estimado, Hemos revisado el tema de las autoevaluaciones. A continuación la respuesta sobre lo que sucede. En este curso hemos configurado para que todas las autoevaluaciones tengan un valor de 0 puntos, es decir no cuentan para su nota final, constituyen sólo un repaso. Estas actividades sin puntaje, a pesar de estar en el eje X del diagrama de progreso no son visualizadas como barras. La razón por la que la autoevaluación 2 era antes visualizada omo barra fue un error nuestro , ya que sin darn",127,0,5ade2161ec4a896487001d35,Consulta,,5ae0bebbec4a89f42b001a45
EVOLFUND,course-v1:UTPL+EVOLFUND+2018_1,5ae440e8ec4a89f42b001a92,,"Buenos días A mí tampoco me registra en el progreso, pese a haberlo realizado.",14,0,5ade2161ec4a896487001d35,Consulta,,
EVOLFUND,course-v1:UTPL+EVOLFUND+2018_1,5ae4b8f1ec4a89af17001d86,,"Buenas tardes, disculpe en el test 2. la ultima pregunta no sale la respuesta correcta, igualmente el progreso de las actividades realizadas los tests . gracias.",26,0,5ade2161ec4a896487001d35,Consulta,,
EVOLFUND,course-v1:UTPL+EVOLFUND+2018_1,5ae5baacec4a89c2cf00009c,,"Buenos días No aparecen más exámenes semanales, apenas solamente el Test 1 de la primera semana y ya ha transcurrido cuanto tiempo, también el progreso del curso no consta.",29,0,5ad67889ec4a89f42b0018ee,Test,,
EVOLFUND,course-v1:UTPL+EVOLFUND+2018_1,5ae783dbec4a89c2cf0000cb,,"Buenas tardes, Ahora he arreglado para que salga la respuesta correcta. Enseguida reviso lo de los tests. Saludos.",18,0,5ade2161ec4a896487001d35,Consulta,,5ae4b8f1ec4a89af17001d86
EVOLFUND,course-v1:UTPL+EVOLFUND+2018_1,5ae9852dec4a8925300000c8,,"Igualmente, no se registra el progreso del curso.",8,0,5ae67a13ec4a89f42b001ab3,Progreso,,
EVOLFUND,course-v1:UTPL+EVOLFUND+2018_1,5ae9d860ec4a89f42b001aee,,"Buenos días, El progreso de los test debería salir en porcentaje, ya lo estamos revisando, apenas lo arreglemos se los comunico. Respecto a las autoevaluaciones, como son sólo de repaso no les va a salir en su progreso, las autoevaluaciones no cuentan para alcanzar el 100 de progreso en el curso ya que no están configuradas para tener puntos. Saludos,",60,0,5ae67a13ec4a89f42b001ab3,Progreso,,
EVOLFUND,course-v1:UTPL+EVOLFUND+2018_1,5ae9d977ec4a89f42b001aef,,"Buenos días, Los tests deben aparecer en la página de contenidos del curso, ahora están 4 disponibles. Si no aparecen disponibles para que los hagas por favor envíame una captura de pantalla, para ver que está pasando. Respecto al progreso del curso, una vez que envies las respuestas de los test deberían aparecer en el progreso, sin embargo parece que algo se desconfiguró y sólo aparece al momento el primer test para quienes lo han completado. Estamos arreglando para que aparezcan en el progreso",96,0,5ad67889ec4a89f42b0018ee,Test,,5ae5baacec4a89c2cf00009c
EVOLFUND,course-v1:UTPL+EVOLFUND+2018_1,5aeb2f7cec4a8925300000ef,,"Estimados, Se ha solucionado el problema de la visualización de los tests. Ahora deben poder verlo en el progreso. Saludos,",20,0,5ae67a13ec4a89f42b001ab3,Progreso,,
EVOLFUND,course-v1:UTPL+EVOLFUND+2018_1,5aeb2f87ec4a89af17001e08,,"Estimados, Se ha solucionado el problema de la visualización de los tests. Ahora deben poder verlo en el progreso. Saludos,",20,0,5ade2161ec4a896487001d35,Consulta,,
EVOLFUND,course-v1:UTPL+EVOLFUND+2018_1,5aeb2f91ec4a89f42b001b06,,"Estimados, Se ha solucionado el problema de la visualización de los tests. Ahora deben poder verlo en el progreso. Saludos,",20,0,5ad67889ec4a89f42b0018ee,Test,,
EVOLFUND,course-v1:UTPL+EVOLFUND+2018_1,5af8e255ec4a89c2cf000297,,buenas noches estimada tutora le informo que siendo 13 de abril desde las 5 pm ya no me dejo subir mi parte de reto a pesar de que en la misma dice que la fecha de entrega es hasta el 14 05 2018 su ayuda con el caso por favor gracias por la atencion brindada,55,0,5ad2979aec4a89af170019e0,Autoevaluación del personaje,,
EVOLFUND,course-v1:UTPL+EVOLFUND+2018_1,5af8e265ec4a89f42b001c21,,buenas noches estimada tutora le informo que siendo 13 de abril desde las 5 pm ya no me dejo subir mi parte de reto a pesar de que en la misma dice que la fecha de entrega es hasta el 14 05 2018 su ayuda con el caso por favor gracias por la atencion brindada,55,0,5ad67889ec4a89f42b0018ee,Test,,
EVOLFUND,course-v1:UTPL+EVOLFUND+2018_1,5af8e27dec4a892530000227,,buenas noches estimada tutora le informo que siendo 13 de abril desde las 5 pm ya no me dejo subir mi parte de reto a pesar de que en la misma dice que la fecha de entrega es hasta el 14 05 2018 su ayuda con el caso por favor gracias por la atencion brindada,55,0,5ade2161ec4a896487001d35,Consulta,,
EVOLFUND,course-v1:UTPL+EVOLFUND+2018_1,5af8e282ec4a89af17001f6f,,buenas noches estimada tutora le informo que siendo 13 de abril desde las 5 pm ya no me dejo subir mi parte de reto a pesar de que en la misma dice que la fecha de entrega es hasta el 14 05 2018 su ayuda con el caso por favor gracias por la atencion brindada,55,0,5ae67a13ec4a89f42b001ab3,Progreso,,
EVOLFUND,course-v1:UTPL+EVOLFUND+2018_1,5af8e28eec4a89f42b001c22,,buenas noches estimada tutora le informo que siendo 13 de abril desde las 5 pm ya no me dejo subir mi parte de reto a pesar de que en la misma dice que la fecha de entrega es hasta el 14 05 2018 su ayuda con el caso por favor gracias por la atencion brindada,55,0,5aecc2d2ec4a89f42b001b27,Progreso,,
EVOLFUND,course-v1:UTPL+EVOLFUND+2018_1,5af915f8ec4a892530000232,,"Es verdad aun se podría enviar el reto y no nos deja enviarlo, a mí tampoco y la fecha estaba disponible todavía. Ahora falta que me hayan borrado todo lo que yo guardé en la plataforma por haber cerrado antes de tiempo. Que decepción, que frustración, creo que siendo así seria el último ciclo que siga en esta universidad, Todos los cursos, sin excepción presentan muchos problemas. O sea mi esfuerzo se fue a la basura.",76,0,5af8e721ec4a89af17001f70,RETO SELECCIÓN NATURAl,,
EVOLFUND,course-v1:UTPL+EVOLFUND+2018_1,5af98a1eec4a89253000023d,,tienes razon lo mismo me hacen otras materias cierran antes de tiempo o no dan bien las indicaciones y luego uno queda como incumplido,24,0,5af8e721ec4a89af17001f70,RETO SELECCIÓN NATURAl,,5af915f8ec4a892530000232
EVOLFUND,course-v1:UTPL+EVOLFUND+2018_1,5afa011cec4a89253000024b,,"Estimado estudiante La plataforma que Open Campus nos ha proporcionado presenta la hora UTC universal time , sin embargo Ecuador está en hora central Central time , la cual es 5s horas atrás, es por ello que la plataforma cerró automáticamente antes la tarea. He cambiado la configuración para que les deje subir hasta hoy a las doce de la noche. IMPORTANTE seguramente en el sistema les dirá que se puede subir hasta el 15 de mayo a las 5am, pero no es cierto, será sólo hasta las doce, por el retra",116,0,5ade2161ec4a896487001d35,Consulta,,5af8e27dec4a892530000227
EVOLFUND,course-v1:UTPL+EVOLFUND+2018_1,5afa01baec4a89253000024c,,"Estimado estudiante La plataforma que Open Campus nos ha proporcionado presenta la hora UTC universal time , sin embargo Ecuador está en hora central Central time , la cual es 5s horas atrás, es por ello que la plataforma cerró automáticamente antes la tarea. He cambiado la configuración para que les deje subir hasta hoy a las doce de la noche. IMPORTANTE seguramente en el sistema les dirá que se puede subir hasta el 15 de mayo a las 5am, pero no es cierto, será sólo hasta las doce, por el retra",154,0,5af8e721ec4a89af17001f70,RETO SELECCIÓN NATURAl,,5af915f8ec4a892530000232
EVOLFUND,course-v1:UTPL+EVOLFUND+2018_1,5afa548fec4a892530000260,,Estimado tutor por comunicarle que no puede completar con la calificación a otros compañeros ya que me sale un error de envió !error ayúdeme con eso. No he podido calificar a ningún compañero 1 media 15263550567200586.jpg,36,0,5af8e721ec4a89af17001f70,RETO SELECCIÓN NATURAl,,5af915f8ec4a892530000232
EVOLFUND,course-v1:UTPL+EVOLFUND+2018_1,5afa6adcec4a89f42b001c4e,,"Yo ya no pude enviar el reto y la verdad ya ni me tomo la molestia en pedir que lo reabran o extiendan el plazo, me rindo, por que me trae más dolores de cabeza.",35,0,5af8e721ec4a89af17001f70,RETO SELECCIÓN NATURAl,,5af915f8ec4a892530000232
EVOLFUND,course-v1:UTPL+EVOLFUND+2018_1,5afb7769ec4a89af17001faf,,"Ahora la reviso, gracias por la información",7,0,5afb6559ec4a892530000283,No se puede calificar a los compañeros,,
EVOLFUND,course-v1:UTPL+EVOLFUND+2018_1,5afba1faec4a892530000287,,Tutora me pasa lo mismo no puedo calificar a los demás compañeros!error 1 media 15264404247070596.jpg,15,0,5afb6559ec4a892530000283,No se puede calificar a los compañeros,,
EVOLFUND,course-v1:UTPL+EVOLFUND+2018_1,5afd9b09ec4a89c2cf000334,,"Estimada, Esta arreglado para que puedan subir una imagen por pregunta. Saludos,",12,0,5afd04d1ec4a89af17001fdb,Reto 2,,
EVOLFUND,course-v1:UTPL+EVOLFUND+2018_1,5afe1d1cec4a89af17001ffa,,buenas noches con todos yo tengo el mismo problema su gentil ayuda con el caso por favor gracias,18,0,5afb6559ec4a892530000283,No se puede calificar a los compañeros,,
EVOLFUND,course-v1:UTPL+EVOLFUND+2018_1,5aff1415ec4a89f42b001cae,,"No todas las especies de mosca presenta evolución, por eso lo hice de esa manera.",15,0,5aff13e1ec4a89af17002014,Arboles evolutivos - Reto 2 Cladogramas,,
EVOLFUND,course-v1:UTPL+EVOLFUND+2018_1,5b022d33ec4a892530000312,,concuerdo con los compañeros,4,0,5aff13e1ec4a89af17002014,Arboles evolutivos - Reto 2 Cladogramas,,
EVOLFUND,course-v1:UTPL+EVOLFUND+2018_1,5b036a29ec4a89c2cf0003d9,,amigos y tutor aun no puedo calificar a mis compañeros con lo cual no se me va a calificar estos retos en los cuales puse mucho empeño por favor su ayuda con el caso que aun sigue el problema,39,0,5b00dd4bec4a89c2cf00038b,Reto 1,,
EVOLFUND,course-v1:UTPL+EVOLFUND+2018_1,5b04c2bdec4a89c2cf000403,,buenas noches con todos ahora no puedo calificar a mis compañeros en el reto 2 que debo hacer estimado tutor,20,0,5aff13e1ec4a89af17002014,Arboles evolutivos - Reto 2 Cladogramas,,
EVOLFUND,course-v1:UTPL+EVOLFUND+2018_1,5b04c2fdec4a89af17002093,,buenas noches sigo sin poder calificar el reto 2 de mis compañeros de igual manera el reto uno su gentil ayuda por favor gracias,24,0,5afb6559ec4a892530000283,No se puede calificar a los compañeros,,
EVOLFUND,course-v1:UTPL+EVOLFUND+2018_1,5b04c320ec4a89c2cf000404,,su gentil ayuda estimado tutor habilitando la calificación de pares gracias,11,0,5b03c0a3ec4a89253000033f,Evaluación por pares ,,
EVOLFUND,course-v1:UTPL+EVOLFUND+2018_1,5b076b5dec4a89f42b001d3b,,buenas noches sigo sin poder calificar a mis compañeros y eso que el dpto de sistemas ya se comunico conmigo me pidió capturas de pantalla de los fallos y el problema sigue ademas los otros cursos mooc ya pase y solo este no me deja avanzar que debo hacer al respecto,51,0,5aff13e1ec4a89af17002014,Arboles evolutivos - Reto 2 Cladogramas,,
EVOLFUND,course-v1:UTPL+EVOLFUND+2018_1,5b076b65ec4a89af170020b6,,buenas noches sigo sin poder calificar a mis compañeros y eso que el dpto de sistemas ya se comunico conmigo me pidió capturas de pantalla de los fallos y el problema sigue ademas los otros cursos mooc ya pase y solo este no me deja avanzar que debo hacer al respecto,51,0,5b03c0a3ec4a89253000033f,Evaluación por pares ,,
EVOLFUND,course-v1:UTPL+EVOLFUND+2018_1,5b076b6aec4a89c2cf000446,,buenas noches sigo sin poder calificar a mis compañeros y eso que el dpto de sistemas ya se comunico conmigo me pidió capturas de pantalla de los fallos y el problema sigue ademas los otros cursos mooc ya pase y solo este no me deja avanzar que debo hacer al respecto,51,0,5b00dd4bec4a89c2cf00038b,Reto 1,,
EVOLFUND,course-v1:UTPL+EVOLFUND+2018_1,5b076b70ec4a89f42b001d3c,,buenas noches sigo sin poder calificar a mis compañeros y eso que el dpto de sistemas ya se comunico conmigo me pidió capturas de pantalla de los fallos y el problema sigue ademas los otros cursos mooc ya pase y solo este no me deja avanzar que debo hacer al respecto,51,0,5aff4f9eec4a8925300002d8,Rero 1 seleccion natural,,
EVOLFUND,course-v1:UTPL+EVOLFUND+2018_1,5b076b7aec4a89af170020b7,,buenas noches sigo sin poder calificar a mis compañeros y eso que el dpto de sistemas ya se comunico conmigo me pidió capturas de pantalla de los fallos y el problema sigue ademas los otros cursos mooc ya pase y solo este no me deja avanzar que debo hacer al respecto,51,0,5afd04d1ec4a89af17001fdb,Reto 2,,
EVOLFUND,course-v1:UTPL+EVOLFUND+2018_1,5b076b81ec4a89f42b001d3d,,buenas noches sigo sin poder calificar a mis compañeros y eso que el dpto de sistemas ya se comunico conmigo me pidió capturas de pantalla de los fallos y el problema sigue ademas los otros cursos mooc ya pase y solo este no me deja avanzar que debo hacer al respecto,51,0,5afb6559ec4a892530000283,No se puede calificar a los compañeros,,
EVOLFUND,course-v1:UTPL+EVOLFUND+2018_1,5b076b87ec4a892530000385,,buenas noches sigo sin poder calificar a mis compañeros y eso que el dpto de sistemas ya se comunico conmigo me pidió capturas de pantalla de los fallos y el problema sigue ademas los otros cursos mooc ya pase y solo este no me deja avanzar que debo hacer al respecto,51,0,5aecc2d2ec4a89f42b001b27,Progreso,,
EVOLFUND,course-v1:UTPL+EVOLFUND+2018_1,5b076b8eec4a89c2cf000447,,buenas noches sigo sin poder calificar a mis compañeros y eso que el dpto de sistemas ya se comunico conmigo me pidió capturas de pantalla de los fallos y el problema sigue ademas los otros cursos mooc ya pase y solo este no me deja avanzar que debo hacer al respecto,51,0,5ae67a13ec4a89f42b001ab3,Progreso,,
EVOLFUND,course-v1:UTPL+EVOLFUND+2018_1,5b076b9dec4a892530000386,,buenas noches sigo sin poder calificar a mis compañeros y eso que el dpto de sistemas ya se comunico conmigo me pidió capturas de pantalla de los fallos y el problema sigue ademas los otros cursos mooc ya pase y solo este no me deja avanzar que debo hacer al respecto,51,0,5ad2979aec4a89af170019e0,Autoevaluación del personaje,,
EVOLFUND,course-v1:UTPL+EVOLFUND+2018_1,5b0780b6ec4a89f42b001d40,,"Buenas noches apreciado docente de Fundamentos de evolución, Angel Guato saluda y manifiesta; en la actividad de sopa de letras y reconocer a los personajes ya realizo bastantes veces, pero en progreso no sale. Por favor deme habilitando. Muchas gracias.",40,0,5ad2979aec4a89af170019e0,Autoevaluación del personaje,,
EVOLFUND,course-v1:UTPL+EVOLFUND+2018_1,5b078207ec4a89af170020b9,,"Buenas noches apreciado docente de Fundamentos de Evolución, Angel Guato y solicita de favor si me puede habilitar por 1 hora los retos 1 parte 2 y 3 y el reto 2 para enviar los tengo desarrollados. He visto mal las fechas de envio, y es la primera vez que stoy haciendo esta clase de cursos, muy lindos por su puesto. Muchas gracias y buenas noches.",66,0,5afd04d1ec4a89af17001fdb,Reto 2,,
EVOLFUND,course-v1:UTPL+EVOLFUND+2018_1,5b0b1cccec4a89c2cf00046d,,Buenas tardes estimada tutora en los retos 1 y 2 la segunda y tercera parte aun no puedo calificar a mis compañeros por favor su ayuda con el caso gracias,30,0,5ad2979aec4a89af170019e0,Autoevaluación del personaje,,
EVOLFUND,course-v1:UTPL+EVOLFUND+2018_1,5b0b3027ec4a89c2cf00046f,,"Estimado, Debido a los inconvenientes presentados en la calificación por pares he decidido que no será necesario que califiquen ustedes a sus compañeros, yo lo haré personalmente. Si ustedes enviaron el reto a tiempo es suficiente. Saludos,",37,0,5b03c0a3ec4a89253000033f,Evaluación por pares ,,5b076b65ec4a89af170020b6
EVOLFUND,course-v1:UTPL+EVOLFUND+2018_1,5b0b3047ec4a89f42b001d68,,"Estimado, Debido a los inconvenientes presentados en la calificación por pares he decidido que no será necesario que califiquen ustedes a sus compañeros, yo lo haré personalmente. Si ustedes enviaron el reto a tiempo es suficiente. Saludos,",37,0,5aff13e1ec4a89af17002014,Arboles evolutivos - Reto 2 Cladogramas,,5b076b5dec4a89f42b001d3b
EVOLFUND,course-v1:UTPL+EVOLFUND+2018_1,5b0b3069ec4a8925300003ac,,"Estimado, Debido a los inconvenientes presentados en la calificación por pares he decidido que no será necesario que califiquen ustedes a sus compañeros, yo lo haré personalmente. Si ustedes enviaron el reto a tiempo es suficiente. Saludos,",37,0,5afb6559ec4a892530000283,No se puede calificar a los compañeros,,5afba1faec4a892530000287
EVOLFUND,course-v1:UTPL+EVOLFUND+2018_1,5b0c6c64ec4a89f42b001d81,,muchas gracias por su ayuda,5,0,5b0b2ffdec4a89f42b001d66,Evaluación Pares Reto 1 y 2,,
EVOLFUND,course-v1:UTPL+EVOLFUND2+2018_2,5b15c3c2ec4a892530000487,,"Estimados compañeros as es un gusto participar en los cursos UTPL.Open campus, es una herramienta muy valiosa para ampliar los conocimientos impartidos por la Universidad. CIENCIAS DE LA EDUCACIÓN MENCIÓN QUÍMICA BIOLOGÍA . Saludos. Santiago Almeida Ortiz graduado CIENCIAS DE LA EDUCACIÓN Mención Química y Biología",46,0,5b14b6dbec4a89f42b001dbf,Foro general o cafetería,,
EVOLFUND,course-v1:UTPL+EVOLFUND2+2018_2,5b15fb98ec4a8925300004b5,,hola Soy estudiante de Biología de la Universidad del Azuay y me interesa conocer mas sobre este tema,18,0,5b14b6dbec4a89f42b001dbf,Foro general o cafetería,,
EVOLFUND,course-v1:UTPL+EVOLFUND2+2018_2,5b1605e1ec4a89af170021cf,,Desde cuando estará disponible el materia de clases,8,0,5b14b6dbec4a89f42b001dbf,Foro general o cafetería,,
EVOLFUND,course-v1:UTPL+EVOLFUND2+2018_2,5b1758b7ec4a892530000561,,"Saludos a todos. Mi nombre es Ruddy Francisco Pua, me interesó la temática de este curso y estoy seguro de que colmará las expectativas, un gusto poder compartir con todos.",30,0,5b174417ec4a89c2cf000650,PRESENTACIÓN Y EXPECTATIVAS,,
EVOLFUND,course-v1:UTPL+EVOLFUND2+2018_2,5b1a95f6ec4a89c2cf00074c,,"Los contenidos de la primera semana se encuentran disponibles, junto con el primer test. Los test permancen abiertos durante todo el curso. Cada semana se abre uno nuevo, en total son 6. Bienvenidos todos!",34,0,5b14b6dbec4a89f42b001dbf,Foro general o cafetería,,
EVOLFUND,course-v1:UTPL+EVOLFUND+2018_1,5b1c47e9ec4a89253000062e,,"Estimado, En el transcurso de la siguiente semana se subirá las notas. Saludos,",13,0,5b18728aec4a89f42b001f22,calificacion de curso,,
EVOLFUND,course-v1:UTPL+EVOLFUND+2018_1,5b1f3b8dec4a89c2cf0007fe,,"Yo nunca pude calificar, por que no funciona, curso lleno de errores, fue imposible pasar este curso.",17,0,5b18728aec4a89f42b001f22,calificacion de curso,,
EVOLFUND,course-v1:UTPL+EVOLFUND2+2018_2,5b3afbd8ec4a899b9a000363,,"Buenas noches, estimados docentes, acontando al post anterior, si efectivamente las preguntas post investigacion parte 2 estaban cerradas mientras que toods los ejercicios anteriores se mantenian abiertos. si nos pudieran ayudar extendiendo el plazo gracias",35,0,5b39c370ec4a89f42b002108,RETO 1 - PREGUNTAS POST-INVESTIGACIÓN (PARTE 2),,
EVOLFUND,course-v1:UTPL+EVOLFUND2+2018_2,5b3d95f2ec4a899b9a00037a,,"Buenas noches, equipo docente de la UTPL. Lamento mucho que en la parte izquierda de visualización de los contenidos no existe una adecuada información de las fechas en las que se debe finalizar cada tema peor aún de las fechas para entregar las actividades. Mientras, se revisa la bibliografía, que sí toma tiempo en entender el tema porque es muy complejo y al ir avanzando, me encuentro con el reto, que de igual forma toma tiempo entenderlo y cuando me dí cuenta ya el plazo para subir el reto ha",149,0,5b39c370ec4a89f42b002108,RETO 1 - PREGUNTAS POST-INVESTIGACIÓN (PARTE 2),,5b3afbd8ec4a899b9a000363
EVOLFUND,course-v1:UTPL+EVOLFUND2+2018_2,5b3d96beec4a89f42b002118,,!ingrese la descripción de la imagen aquí 1 http,9,0,5b39c370ec4a89f42b002108,RETO 1 - PREGUNTAS POST-INVESTIGACIÓN (PARTE 2),,
EVOLFUND,course-v1:UTPL+EVOLFUND2+2018_2,5b3eda0dec4a89f42b002122,,"Buenas noches ,un cordial saludo de Patricia Proaño, el curso realizado muy interesante , de mucha utilidad. Recomiedo que se coloque cronograma de trabajo, se revice los videos pues no se podia abrir , dar un poco más de tiempo en los retos pues no puede encontrar las preguntas que decian en el postest , por lo demás me gusto mucho",61,0,5b14b6dbec4a89f42b001dbf,Foro general o cafetería,,
EVOLFUND,course-v1:UTPL+EVOLFUND2+2018_2,5b402329ec4a8925300007cf,,!ingrese la descripción de la imagen aquí 1 media 15309299559656774.jpg,10,0,5b3e2404ec4a89c2cf00097b,Reto 3,,
EVOLFUND,course-v1:UTPL+EVOLFUND2+2018_2,5b402826ec4a899b9a000395,,No tengo calificación cuando ya hice todos los pasos.,9,0,5b3e2404ec4a89c2cf00097b,Reto 3,,
EVOLFUND,course-v1:UTPL+EVOLFUND2+2018_2,5b456612ec4a89f42b002148,,"Si, porfavor califiquenos a los que ya hicimos yo tengo el mismo problema",13,0,5b44e9fdec4a899b9a0003ba,"Por favor califiquenme mi trabajo, que falta por revisar, yo ya lo hice.",,
EVOLFUND,course-v1:UTPL+EVOLFUND2+2018_2,5b48ce43ec4a89253000080a,,"Buenos días, Esto se da porque los compañeros aún no califican pero lo resolveremos aquí para que aparezca su calificación así no se hayan completado en todos el número de evaluadores correspondiente. El día lunes les escribo nuevamente con una respuesta después de revisar con las personas que manejan la plataforma Saludos,",52,0,5b44e9fdec4a899b9a0003ba,"Por favor califiquenme mi trabajo, que falta por revisar, yo ya lo hice.",,
EVOLFUND,course-v1:UTPL+EVOLFUND2+2018_2,5b48cf84ec4a89f42b002159,,"Buenos días, Efectivamente chequeando la plataforma parece que hubo un error en la configuración de la hora. Mil disculpar. Esto será tomado en cuenta para quienes no pu dieron subir sus preguntas post investigación parte 2, no se preocupen. Saludos, M.",41,0,5b39c370ec4a89f42b002108,RETO 1 - PREGUNTAS POST-INVESTIGACIÓN (PARTE 2),,5b3afbd8ec4a899b9a000363
EVOLFUND,course-v1:UTPL+EVOLFUND2+2018_2,5b500c7eec4a899b9a00040e,,"No me registra en Progreso la nota del reto 3, en tanto que el reto 1, 2, 4, 5, 6 y 7 si tengo registrada la nota.",27,0,5b44e9fdec4a899b9a0003ba,"Por favor califiquenme mi trabajo, que falta por revisar, yo ya lo hice.",,5b48ce43ec4a89253000080a
EVOLFUND,course-v1:UTPL+EVOLFUND2+2018_2,5b57415aec4a899b9a00042e,,S va a cerrar a el curso y nunca me ha registrado la nota.,14,0,5b44e9fdec4a899b9a0003ba,"Por favor califiquenme mi trabajo, que falta por revisar, yo ya lo hice.",,
EVOLFUND,course-v1:UTPL+EVOLFUND3+2018_3,5c0f2edcec4a89c258000043,,"Saludos, me es muy grato compartir estas experiencias significativas",9,0,5c0ee087ec4a89436a000036,Presentación,,
EVOLFUND,course-v1:UTPL+EVOLFUND3+2018_3,5c0fddbeec4a89d720000068,,"Buenos días Mi nombre es Belduma Garcia Geomayra soy estudiante de la carrera en Ingeniería en Recursos Naturales y Ambiente de la Universidad de Manabí en la ciudad de Manta y me llamo mucho la atención de este curso para comprender de mejor manera lo que es la evolución, un mundo fantástico.",52,0,5c0ee087ec4a89436a000036,Presentación,,
EVOLFUND,course-v1:UTPL+EVOLFUND3+2018_3,5c0ffeb3ec4a89a564000069,,hola mi nombre es Maria Jose V soy estudiante de la carrera Gestión Ambiental,14,0,5c0ee087ec4a89436a000036,Presentación,,
EVOLFUND,course-v1:UTPL+EVOLFUND3+2018_3,5c1b604dec4a89c258000193,,"Buenos días, estimados Tutora y compañer, me llamo Franksaack, estudio Gestion ambiental en la UTPL y deseo profundizar en esta temática que cobra gran relevancia en este siglo donde convergen nuevos descubrimientos en el campo de la biología, ecosistemas de poblaciones, análisis de bancos de datos y biotecnologías de vanguardia, sin olvidar el aspecto humano y social en el uso y aplicación potencial.",63,0,5c0ee087ec4a89436a000036,Presentación,,
EVOLFUND,course-v1:UTPL+EVOLFUND3+2018_3,5c208af4ec4a89436a0001df,,"hola con todos, mi nombre es Erick Pogo. Espero aprovechar mucho de las temáticas del presente curso.",17,0,5c0ee087ec4a89436a000036,Presentación,,
EVOLFUND,course-v1:UTPL+EVOLFUND4+2019_1,5cb7d56aec4a8992400002b8,,"Buenas noches, mi nombre es Erika Puma estoy cursando 10mo nivel de Administración de Empresas, mis expectativas en este curso es adquirir conocimientos que sirvan para comprender los fundamentos de la evolución. la plataforma me parece muy amigable de manejar. Saludos cordiales",42,0,5cb61565ec4a899240000151,Foro de presentación,,
EVOLFUND,course-v1:UTPL+EVOLFUND4+2019_1,5cb977f9ec4a899240000376,,"Saludos desde Quito a los participantes y a la instructora, me llamo Ivan Muñoz M. soy Genetista por tanto la Evolución es una de las áreas que más me apasiona, me alegro muchísimo que se le dé divulgación, como bien dijo Dobzhansky Nada en Biología tiene sentido si no es a la luz de la Evolución y esto es extensivo a las Ciencias de la Salud y Ciencias Ambientales. Espero disfrutar mucho este MOOC y les deseo muchos éxitos, hasta pronto!",81,0,5cb61565ec4a899240000151,Foro de presentación,,
EVOLFUND,course-v1:UTPL+EVOLFUND5+2020_1,5e942ee5ec4a89aaf300029f,,"Buenos días, mi nombre es Carolina, me parece un muy buen método para aprender, más en este momento, con las circunstancias que está pasando el mundo.",26,1,5e937e8bec4a890c2400002a,Foro de presentación,,
EVOLFUND,course-v1:UTPL+EVOLFUND5+2020_1,5e94335dec4a89e82d0002b4,,"Buenos días, mi nombre es Karla. Me gustaría aprender y conocer más sobre la evolución en general, ya que esta es una de las maneras para comprender el mundo y cómo este se va adaptando con el oso de los años. Me parece una iniciativa interesante poder realizarlo en línea ya que así es accesible para muchas personas.",58,0,5e937e8bec4a890c2400002a,Foro de presentación,,
EVOLFUND,course-v1:UTPL+EVOLFUND5+2020_1,5e94378dec4a89aaf30002f5,,"Saludos a todos, mi nombre es Lina y creo que es importante adquirir nuevos conocimientos cada dia, por esta razón estoy tomando este curso, ya que me parece un tema interesante que va de la mano con mi pensamiento. Respecto a la plataforma es una idea buena y accesible que nos ayuda en el aprendizaje sobre todo porque su manejo esta sencillo.",62,0,5e937e8bec4a890c2400002a,Foro de presentación,,
EVOLFUND,course-v1:UTPL+EVOLFUND5+2020_1,5e94395cec4a89e82d00031d,,Buenos días con todos mi nombre es alexandra un gusto conocerles.Me incribi al curso con la finalidad de adquirir nuevos conocimientos y comprender mejor cómo nos vamos adaptando a cada situación,31,0,5e937e8bec4a890c2400002a,Foro de presentación,,
EVOLFUND,course-v1:UTPL+EVOLFUND5+2020_1,5e945c21ec4a89aaf30008f7,,"hola, mi nombre es Antonella, es un gusto poder encontrarme en este curso de autoformación con el objetivo de aprender y conocer el mundo que nos rodea desde un punto de vista más científico.",34,0,5e937e8bec4a890c2400002a,Foro de presentación,,
EVOLFUND,course-v1:UTPL+EVOLFUND5+2020_1,5e946863ec4a89789c000ad2,,"hola mi nombres es Daning Montaño y el método de enseñanza a través de esta plataforma me parece una gran oportunidad, mi interés sobre la evolución es sobre la aplicación al entendimiento y conservación de los ecosistemas.",37,0,5e937e8bec4a890c2400002a,Foro de presentación,,
EVOLFUND,course-v1:UTPL+EVOLFUND5+2020_1,5e946f04ec4a89789c000c01,,"Saludos a todos, mi nombre es Cristofer y me hes muy interesante estos cursos de auto formación ya que nos permite obtener conocimientos sobre Biología evolutiva y como esta a ido sometiendo a las especies a la adaptación y supervivencia en el planeta.",43,0,5e937e8bec4a890c2400002a,Foro de presentación,,
EVOLFUND,course-v1:UTPL+EVOLFUND5+2020_1,5e947cd1ec4a89e82d000e3a,,"hola mi nombre es Adonis Bazurto, Me gustaría conocer más sobre la evolución en general, ya que me permite ver el mundo de otra manera a un punto de vista más científico.",32,0,5e937e8bec4a890c2400002a,Foro de presentación,,
EVOLFUND,course-v1:UTPL+EVOLFUND5+2020_1,5e949ddaec4a89aaf300116e,,"hola mi nombre es Alejandro Lopez y me parece bastante atractiva la idea de esta participacion grupal para poder adquirir mas conocimientos en un momento como este como tal, espero aprender mucho. gracias",33,0,5e937e8bec4a890c2400002a,Foro de presentación,,
EVOLFUND,course-v1:UTPL+EVOLFUND5+2020_1,5e94b6cdec4a8974b0000085,,"hola soy Luis, entre al curso para aprender y adquirir más conocimientos sobre la Evolución, esperando aplicar estos conociminetos. gracias",20,0,5e937e8bec4a890c2400002a,Foro de presentación,,
EVOLFUND,course-v1:UTPL+EVOLFUND5+2020_1,5e94c963ec4a8974b00002d7,,"Buenas tardes, mi nombre es Joseph, estudió Ing. Biotecnología, y este curso me servirá para la carrera.",17,1,5e937e8bec4a890c2400002a,Foro de presentación,,
EVOLFUND,course-v1:UTPL+EVOLFUND5+2020_1,5e94cb30ec4a890a0900031a,,"hola mi nombre es Valeria, y me parece importante que existan estos espacios en los que se pueda aumentar el conocimiento en una temática tan amplia e interesante como ésta.",30,0,5e937e8bec4a890c2400002a,Foro de presentación,,
EVOLFUND,course-v1:UTPL+EVOLFUND5+2020_1,5e94ce76ec4a896eb400037e,,"hola mi nombre es Erika Santana, un gusto poder adquirir nuevos conocimientos. Es primera vez que ingreso a esta plataforma, se me ha dificultado un poco, pero ahí vamos.....",29,0,5e937e8bec4a890c2400002a,Foro de presentación,,
EVOLFUND,course-v1:UTPL+EVOLFUND5+2020_1,5e94ceebec4a896eb4000388,,"Buenas tardes mi nombre es Yuliana Rojas y decidí participar en este curso porque seguramente me ayudará en la carrera universitaria que pienso seguir, además de que es una forma productiva de utilizar parte de mi tiempo libre. gracias.",39,0,5e937e8bec4a890c2400002a,Foro de presentación,,
EVOLFUND,course-v1:UTPL+EVOLFUND5+2020_1,5e94dcfdec4a8974b0000553,,"Buenas tardes mi nombre es Diego. Me da gusto estar presente, espero aprender mucho en este curso.",17,0,5e937e8bec4a890c2400002a,Foro de presentación,,
EVOLFUND,course-v1:UTPL+EVOLFUND5+2020_1,5e9502b3ec4a8974b0000a9d,,"Buenas tardes mi nombre es Viviana Quinga soy Licenciada de Biología y Química, el tema de evolución siempre se me hizo interesante ya que no existe una sola respuesta ante diferentes cosas que aveces ni siquiera tienen explicación, espero aprender muchas cosas en este curso.",45,0,5e937e8bec4a890c2400002a,Foro de presentación,,
EVOLFUND,course-v1:UTPL+EVOLFUND5+2020_1,5e9535bcec4a891154000360,,"Muy buenas noches con todos, esperando que se encuentren muy bien ustedes y sus familias, me presento mi nombre es Rubén, estoy aquí para adquirir nuevos conocimientos que me sean útiles en mi formación profesional. saludos cordiales a todos",39,0,5e937e8bec4a890c2400002a,Foro de presentación,,
EVOLFUND,course-v1:UTPL+EVOLFUND5+2020_1,5e955bdaec4a8911540008af,,"hola me llamo Alfredo Velez, me uní a este curso para aprender mas sobre los fundamentos de la teoría evolutiva y reforzar mis conocimientos sobre esta",26,0,5e937e8bec4a890c2400002a,Foro de presentación,,
EVOLFUND,course-v1:UTPL+EVOLFUND5+2020_1,5e956103ec4a89225f0008a6,,"Como estan? Mi nombre es Pedro Guerra, con este curso pretendo ampliar mis conocimientos en el tema de evolución y aprovechar al máximo el tiempo que se nos dá este momento tan alarmante a nivel mundial. Saludos.",37,0,5e937e8bec4a890c2400002a,Foro de presentación,,
EVOLFUND,course-v1:UTPL+EVOLFUND5+2020_1,5e95afc7ec4a891292000b20,,"Mi nombre es Andrea Gabriela Recalde Samaniego, tengo 24 años y vivo en la ciudad de Riobamba, provincia de Chimborazo. Estudio en la titulación de Licenciatura en Lengua y Literatura. Mis expectativas de aprendizaje son aprender acerca de uno de los temas científicos que influye en las mentes, la cultura y, como no, en la literatura. Espero que esta materia pueda aportar a mis conocimientos generales y me sirva como material de apoyo para escribir y conocer más acerca del mundo que me rodea. Mi",118,0,5e937e8bec4a890c2400002a,Foro de presentación,,
EVOLFUND,course-v1:UTPL+EVOLFUND5+2020_1,5e95c3a8ec4a89b0e0000cc7,,"Buenas dias compañeros y compañeras , me llamo Perla Anchundia tengo 18 años . gracias a UTPL voy adquirir más conocimientos para mi vida universitaria y voy aprovechar al máximo este tiempo libre, para mí es un placer estar aquí y aprender mas acerca de este curso.",47,0,5e937e8bec4a890c2400002a,Foro de presentación,,
EVOLFUND,course-v1:UTPL+EVOLFUND5+2020_1,5e95cdb9ec4a89198700003e,,"Buenos días, mi nombre es Julissa Chacón, me inscribí en este curso porque me parece interesante conocer y comprender la teoría evolutiva. Espero aprender mucho. Saludos.",26,0,5e937e8bec4a890c2400002a,Foro de presentación,,
EVOLFUND,course-v1:UTPL+EVOLFUND5+2020_1,5e95e993ec4a892501000406,,"Saludos para todos, en resumen no pude asistir a la clase de ayer por saturación de la página pero en fin, no hay que tener tanta preocupación, me inscribí en esta clase para recordar mi pasado jaja desde niño me interesa mucho lo que se conoce como vida a nuestro alrededor. Tenemos muchos días para hacer todo con calma, absorber uno que otro tema casi desconocido a menos que se vuelva a saturar la pág por mi lado jjjj. A pesar de tener otras ocupaciones, este medio estará disponible a cualquier",118,0,5e937e8bec4a890c2400002a,Foro de presentación,,
EVOLFUND,course-v1:UTPL+EVOLFUND5+2020_1,5e95eb62ec4a891987000441,,"Buenos días, mi nombre es Antonio Ordoñez. Me inscribí en este curso para poder reafirmar mis conocimientos y aprender mucho más. Éxitos para todos..",24,0,5e937e8bec4a890c2400002a,Foro de presentación,,
EVOLFUND,course-v1:UTPL+EVOLFUND5+2020_1,5e95f4ceec4a898e13000077,,"hola qué tal, mi nombre es Katherine, entré a este curso esperando aprovechar el tiempo para adquirir conocimientos sobre evolución y así poder aplicarlo en áreas como la ecología.",29,0,5e937e8bec4a890c2400002a,Foro de presentación,,
EVOLFUND,course-v1:UTPL+EVOLFUND5+2020_1,5e95f9fcec4a898e13000132,,"Buenos días, mi nombre es Anthony marquez, me parece un muy buen método para aprender,Siempre parece imposible hasta que se hace Nelson Mandela",23,0,5e937e8bec4a890c2400002a,Foro de presentación,,
EVOLFUND,course-v1:UTPL+EVOLFUND5+2020_1,5e95fcc8ec4a89acfa000175,,"hola con todos, mi nombre es Diego y con este curso espero poder fortalecer mis conociemientosa en Evolucion teniendo bien claros sus fundamentos. La plataforma me parece exelente pero lenta por el mal internet aca en Galapagos. Esten todos bie !",41,0,5e937e8bec4a890c2400002a,Foro de presentación,,
EVOLFUND,course-v1:UTPL+EVOLFUND5+2020_1,5e960439ec4a89bbe400027b,,Buenas tardes mi nombre es Mary Cordero tengo una duda de como utilizar esta plataforma me podrian ayudar por favor gracias,21,0,5e960111ec4a89acfa00020d,Grupo de whatsap,,
EVOLFUND,course-v1:UTPL+EVOLFUND5+2020_1,5e9604aeec4a8913010002b3,,Buenas tardes mi nombre es Mary Cordero me uni ha este curso para comprender y adquirir nuevos conocimientos,18,0,5e937e8bec4a890c2400002a,Foro de presentación,,
EVOLFUND,course-v1:UTPL+EVOLFUND5+2020_1,5e961081ec4a894f7b0000da,,"hola con todos mi nombre es Karol, y espero aprovechar este curso para conocer mas de acerca de la evolucion y todo acerca del origen de las especies. saludos Karol",30,0,5e937e8bec4a890c2400002a,Foro de presentación,,
EVOLFUND,course-v1:UTPL+EVOLFUND5+2020_1,5e963517ec4a894f7b0004fa,,"hola con todos, mi nombre es Yuliana Mora Ochoa soy estudiante de Biología, me uní a este curso para ampliar mis conocimientos sobre evolución ya que considero que es un tema que tiene mucho que ofrecer. Saludos a todos.",39,0,5e937e8bec4a890c2400002a,Foro de presentación,,
EVOLFUND,course-v1:UTPL+EVOLFUND5+2020_1,5e963887ec4a894f7b00056a,,"hola Me llamo ANGEL y me uni a este grupo para aprender y tener mas conocimiento de la evolucion,espero que esten bien todos y su familias SALUDOS.",27,0,5e937e8bec4a890c2400002a,Foro de presentación,,
EVOLFUND,course-v1:UTPL+EVOLFUND5+2020_1,5e963995ec4a892bab0005b4,,"Buenas tardes, mi nombre es Ángel Rincón y estoy contento con aprender un poco más sobre la evolución y el origen de la vida.",24,0,5e937e8bec4a890c2400002a,Foro de presentación,,
EVOLFUND,course-v1:UTPL+EVOLFUND5+2020_1,5e96536aec4a8927a2000914,,"Buenas tardes, la carga para la primera semana son solo los 2 videos de la historia de la evolución o es todo eso hasta llegar al test?",27,0,5e937f2cec4a89e7c6000032,Foro de dudas generales,,
EVOLFUND,course-v1:UTPL+EVOLFUND5+2020_1,5e965847ec4a894f7b000948,,"buenas con todos!!, mi nombre es Isis Gavilanez y es gratificante contar con una posibilidad de formación con ayuda de docentes calificados y cualificados, espero poder adquirir todo el conocimiento que se me disponga, la plataforma como material de estudio y ayuda didáctica es muy buena y me parece factible para el estudio.",53,0,5e937e8bec4a890c2400002a,Foro de presentación,,
EVOLFUND,course-v1:UTPL+EVOLFUND5+2020_1,5e965e0cec4a8927a2000a5e,,"Buenas a todos, mi nombre es Luis Silva, soy de Guayaquil. Espero poder aprdener mucho en este curso y poder ampliar mis conocimientos para usarlos profesionalmente.",26,0,5e937e8bec4a890c2400002a,Foro de presentación,,
EVOLFUND,course-v1:UTPL+EVOLFUND5+2020_1,5e9666a5ec4a8927a2000b6f,,Saludos a todos as mi nombres es Diana y estoy muy gustosa de compartir esta plataforma de formación y aprendizaje.,20,0,5e937e8bec4a890c2400002a,Foro de presentación,,
EVOLFUND,course-v1:UTPL+EVOLFUND5+2020_1,5e96889bec4a89e67c0003b1,,"Saludos, soy Mireya Segarra, soy de Santo Domingo, esperó reforzar más mis conocimiento y poder aplicarlos.",16,0,5e937e8bec4a890c2400002a,Foro de presentación,,
EVOLFUND,course-v1:UTPL+EVOLFUND5+2020_1,5e9693f8ec4a89c1a900048f,,"Buenas noches, mi nombre es Yessica Huanca Paladines. Estudio BIOLOGIA en la Universidad Estatal Amazónica. Mi expectativa de aprendizaje en esta plataforma es ampliar mis conocimientos y me sirva como material de apoyo para mi carrera.",36,0,5e937e8bec4a890c2400002a,Foro de presentación,,
EVOLFUND,course-v1:UTPL+EVOLFUND5+2020_1,5e96b4dbec4a89906f00069b,,"Buen día, Mi nombre es Erick Romero, primero agradezco la oportunidad de adquirir y reforzar conocimientos, la plataforma me parece muy interactiva y entretenida, voy revisando los temas y son completos, eso es gran ayuda para aprender sobre la evolución.",40,0,5e937e8bec4a890c2400002a,Foro de presentación,,
EVOLFUND,course-v1:UTPL+EVOLFUND5+2020_1,5e973459ec4a89c1a9000a1d,,"hola, mi nombre es Darwin Muñoz, espero aprender como funciona la evolucion",12,0,5e937e8bec4a890c2400002a,Foro de presentación,,
EVOLFUND,course-v1:UTPL+EVOLFUND5+2020_1,5e973b60ec4a89c1a9000ad1,,"hola mi nombre es Stalin, me parece interesante el tema a tratar y es un método fácil para poder aprender ya que estamos en una circunstancia muy difícil para todo el mundo.",32,0,5e937e8bec4a890c2400002a,Foro de presentación,,
EVOLFUND,course-v1:UTPL+EVOLFUND5+2020_1,5e97433fec4a897eb1000c44,,"hola mi nombre es Diana, y sigo este curso porque creo que es una buena forma de aprovechar el tiempo libre",21,0,5e937e8bec4a890c2400002a,Foro de presentación,,
EVOLFUND,course-v1:UTPL+EVOLFUND5+2020_1,5e9744d2ec4a89906f000b9f,,"BUENAS TARDES, CUANDO SE HABILITAN LOS DEMAS CONTENIDOS, ME GUSTARIA QUE PUSIERAN UN CRONOGRAMA O CALENDARIO DE LAS ACTIVIDADES COMO EL CURSO DE ANTROPOLOGIA, gracias",25,0,5e937f2cec4a89e7c6000032,Foro de dudas generales,,
EVOLFUND,course-v1:UTPL+EVOLFUND5+2020_1,5e974940ec4a897eb1000ccc,,"Buenos días, soy Ondina y siempre es emocionante aprender, espero me sirva para enriquecer más a mis estudiantes sobre la temática, puesto que trataremos el tema de la evolución de los organismos a través del tiempo. Que bueno es tener ésta oportunidad. Un gran abrazo para todos los participantes.",49,0,5e937e8bec4a890c2400002a,Foro de presentación,,
EVOLFUND,course-v1:UTPL+EVOLFUND5+2020_1,5e979f79ec4a89e67c0012f3,,"Mi nombre es Andreina Japón es un inmenso gusto para mi saludarlos estimado docente y queridos compañeros con quienes compartiremos conocimiento y experiencias muy bonitas con las temáticas de evolución, ciencia que nos enseña a comprender los cambios necesarios para una supervivencia y una adaptación a un entorno. Algo que lo vivimos a diario con muchas situaciones nuevas que se nos presentan y como seres humanos debemos reaccionar a veces lo haremos de la mejor manera aunque muchas de esas oca",99,0,5e937e8bec4a890c2400002a,Foro de presentación,,
EVOLFUND,course-v1:UTPL+EVOLFUND5+2020_1,5e97a1e1ec4a89906f0012f9,,"Que tal mi nombre Wilson Cabrera, mi inteción es aprovechas los conocimientos de cada unos e ustedes y especialmente de nuestro profesor, vivo en un lugar de donde nace parte de la teoría de la evolución y quien entender mejor.",40,0,5e937e8bec4a890c2400002a,Foro de presentación,,
EVOLFUND,course-v1:UTPL+EVOLFUND5+2020_1,5e97bdc6ec4a891ee4000125,,"Buen día, extiendo un cordial saludo, mi nombre es Valeria Cuesta, estudiante de Gestión Ambiental, y espero que este curso me imparta conocimientos nuevos e información que refuerce mis conocimientos, para posteriormente aplicarlos en proyectos de investigación o incluso en el ámbito laboral.",43,0,5e937e8bec4a890c2400002a,Foro de presentación,,
EVOLFUND,course-v1:UTPL+EVOLFUND5+2020_1,5e97c43fec4a89a036000188,,"hola mi nombre es Geovanna Briones esta nueva experiencia de aprendizaje me parece espectacular ya que a mas de los conocimientos que nos imparten nos ayudan a crecer por medio de esta herramienta llamada AUTOEDUCACIÓN me parece fantástico poder interactuar por este medio con mis tutores y con mis compañeros de aulas virtuales, mis mas grandes reconocimientos a los que están al frente de este proyecto y millones de gracias por poder ayudarnos a adquirir conocimientos y saber que pese a la situac",95,0,5e937e8bec4a890c2400002a,Foro de presentación,,
EVOLFUND,course-v1:UTPL+EVOLFUND5+2020_1,5e97d009ec4a8987910000c8,,Buenas noches mil disculpas estoy tratando de ingresar al curso pero no puedo ver lo que tengo que hacer? no se si la computadora necesita algún programa en especial? disculpen mi ignorancia.,32,0,5e937f2cec4a89e7c6000032,Foro de dudas generales,,
EVOLFUND,course-v1:UTPL+EVOLFUND5+2020_1,5e97d0b1ec4a8910eb0000cd,,"Buenas noches mi nombre es Wilson Cabrera y no se como utilizar la plataforma, alguien que pueda guiar o dar indicaciones se le agradece.",24,0,5e960111ec4a89acfa00020d,Grupo de whatsap,,
EVOLFUND,course-v1:UTPL+EVOLFUND5+2020_1,5e987f48ec4a89733600009a,,"Saludos con todos, soy Felipe Herrera, me apasiona el estudio de las ciencias biológicas, con este curso espero enriquecer mis conocimientos, de antemano muchas gracias por la apertura. Excelente día.",30,0,5e937e8bec4a890c2400002a,Foro de presentación,,
EVOLFUND,course-v1:UTPL+EVOLFUND5+2020_1,5e9895c4ec4a8973360001be,,"Buenos días soy Alexandra Nogales docente nivel bachillerato, espero reforzar conocimientos y aprender más sobre el tema en discusión.",19,0,5e937e8bec4a890c2400002a,Foro de presentación,,
EVOLFUND,course-v1:UTPL+EVOLFUND5+2020_1,5e98f138ec4a89779e000062,,"hola mi nombre es Najhely Medina, tengo 18 años de edad y me siento feliz de poder compartir este curso con ustedes, en el que estoy segura aprenderemos muchas cosas.",30,0,5e937e8bec4a890c2400002a,Foro de presentación,,
EVOLFUND,course-v1:UTPL+EVOLFUND5+2020_1,5e98fc04ec4a89ab0800010e,,"hola soy Melanie, me uní a este curso por que la biología me gusta mucho y quiero expandir mis conocimientos",20,0,5e937e8bec4a890c2400002a,Foro de presentación,,5e98f138ec4a89779e000062
EVOLFUND,course-v1:UTPL+EVOLFUND5+2020_1,5e990d25ec4a89779e0001e6,,"hola Mi nombre es Daniela Verónica Medina Ordóñez, tengo 21 años de edad, estoy inscrita en este curso y me siento muy feliz de poder compartir junto a ustedes. Espero poder aprender muchas cosas dirigidas a los fundamentos de la evolución y a la vez compartir nuestros conocimientos y ayudarnos para un mejor aprendizaje. SALUDOS CORDIALES.",56,0,5e937e8bec4a890c2400002a,Foro de presentación,,
EVOLFUND,course-v1:UTPL+EVOLFUND5+2020_1,5e9914b8ec4a89ab0800025c,,"Saludos a todos, me llamo Paola. En este curso, espero aprender sobre la interrelación de especies y ecosistemas, junto con lo que resulta de dichas relaciones. Es la primera vez que uso esta plataforma y me parece muy organizada. Los primeros días no pude ingresar con facilidad por congestión en el sistema, pero espero que pronto se normalice y podamos ingresar todos sin problemas para alcanzar nuestros objetivos de aprendizaje.",70,0,5e937e8bec4a890c2400002a,Foro de presentación,,
EVOLFUND,course-v1:UTPL+EVOLFUND5+2020_1,5e993b44ec4a8933a5000053,,"Saludos a todas os Un gusto poder compartir este curso, espero que cumplamos nuestras expectativas y aprobemos. Mi nombre es Andrés Rodríguez",22,0,5e937e8bec4a890c2400002a,Foro de presentación,,
EVOLFUND,course-v1:UTPL+EVOLFUND5+2020_1,5e9943bfec4a89d90800009e,,"hola, mi nombre es Josselyn, soy estudiante de la UTPL y sigo la carrera de Gestión Ambiental, anteriormente ya he realizado estos cursos y tienen muy buen material didáctico y el uso de la plataforma es muy fácil de entender, espero que les vaya muy bien a todos y que lo aprovechen al máximo.",54,0,5e937e8bec4a890c2400002a,Foro de presentación,,
EVOLFUND,course-v1:UTPL+EVOLFUND5+2020_1,5e99edf5ec4a896254000179,,"Buenas, Mi nombre es Gabriela León y ingresé al curso buscando adquirir conocimientos en el tiempo libre que se tiene actualmente. Mucho gusto con todos.",25,0,5e937e8bec4a890c2400002a,Foro de presentación,,
EVOLFUND,course-v1:UTPL+EVOLFUND5+2020_1,5e99f0b4ec4a89e2a50001e2,,"Buenos días, mi nombre es Beatriz y me interesa mucho la Biologìa por eso he decido ingresar a este curso por el contenido que se desarrolla. Saludos a todos.",29,0,5e937e8bec4a890c2400002a,Foro de presentación,,
EVOLFUND,course-v1:UTPL+EVOLFUND5+2020_1,5e99f790ec4a89e2a5000213,,"hola, Soy Mauricio Me inscribi en el curso ya que el tema de la evolución cada día está avanzando a pasos gigantescos; sin embargo para entenderlo debemos hacerlo desde las bases y que mejor oportunidad que esta. Saludos",38,0,5e937e8bec4a890c2400002a,Foro de presentación,,
EVOLFUND,course-v1:UTPL+EVOLFUND5+2020_1,5e99f90eec4a8962540001e3,,"hola , buenos días mi nombre es Saul Pereira y estoy agradecido por este curso que nos permite obtener gran conocimiento acerca de la evolución...",25,0,5e937e8bec4a890c2400002a,Foro de presentación,,
EVOLFUND,course-v1:UTPL+EVOLFUND5+2020_1,5e99fbfbec4a8962540001fe,,"Buenas tardes mi nombre es mischelle zambrano , soy de machala mucho gusto con todos y me gusta aprender cosas buenas",21,0,5e937e8bec4a890c2400002a,Foro de presentación,,5e942ee5ec4a89aaf300029f
EVOLFUND,course-v1:UTPL+EVOLFUND5+2020_1,5e9a111aec4a89f9040002dc,,"hola con todos, mi nombre es Bryan Lainez egresado de la UPSE, me inscribí en este curso de Fundamentos de la Biología pues me parece muy interesante conocer el origen se la vida en nuestro planeta Tierra y de como a través de tiempo se han evidenciado cambios...mis espectativa son altas deseo aprender mucho",54,0,5e937e8bec4a890c2400002a,Foro de presentación,,
EVOLFUND,course-v1:UTPL+EVOLFUND5+2020_1,5e9a72c9ec4a896254000775,,hola mi nomre es Marlon Guevara tengo 34 años vivo en Pujilí y estoy con muchas ganas de aprender.,19,0,5e937e8bec4a890c2400002a,Foro de presentación,,
EVOLFUND,course-v1:UTPL+EVOLFUND5+2020_1,5e9a8f86ec4a89e2a500086b,,"hola mi nombre es Guadalupe Solano, agradecida por estar aquí para aprender y poder aplicarlo en la vida diaria el conocimiento que adquiera. gracias",24,0,5e937e8bec4a890c2400002a,Foro de presentación,,
EVOLFUND,course-v1:UTPL+EVOLFUND5+2020_1,5e9cac67ec4a89d9510001d6,,hola buenas tardes soy debbie,5,0,5e9bd614ec4a897f14000132,Saludos,,
EVOLFUND,course-v1:UTPL+EVOLFUND5+2020_1,5e9cc385ec4a898ced000281,,"hola! Mi nombre es María José Guerrero, siempre me ha interesado aprender más allá para entender de mejor manera al mundo y aplicarlo así a como lo veo.",28,0,5e937e8bec4a890c2400002a,Foro de presentación,,
EVOLFUND,course-v1:UTPL+EVOLFUND5+2020_1,5e9dd823ec4a898ced0006bb,,"Buena tarde con todos, mi nombre es Cristina y aspiro a que todos los conocimientos que vayamos adquiriendo los pongamos en práctica para nuestra superación personal.",26,0,5e937e8bec4a890c2400002a,Foro de presentación,,
EVOLFUND,course-v1:UTPL+EVOLFUND5+2020_1,5e9fc959ec4a89a684000374,,hola con todos mi nombre es María Briones y me uní al curso para aprovechar el curso y adquirir nuevos conocimientos sobre la evolución.,24,0,5e937e8bec4a890c2400002a,Foro de presentación,,
EVOLFUND,course-v1:UTPL+EVOLFUND5+2020_1,5ea1c0f1ec4a89a6840006c0,,"buenos días, cuando se habilitan los nuevos contenidos",8,0,5e937f2cec4a89e7c6000032,Foro de dudas generales,,
EVOLFUND,course-v1:UTPL+EVOLFUND5+2020_1,5eadfa0aec4a89a684001a74,,"Mutación génica por sustitución En la clase de mutaciones de la semana 3, se habla de que en caso de ser mutación por sustitución se pueden utilizar para la identificación de polimorfismos en investigaciones de variabilidad genética, ya que poseía un polimorfismo de nucleótido único SNPs , para este caso ¿Se podría decir que este tipo de mutaciones son de copia única? y por consiguiente se puede decir ¿Puede ser utilizado como marcador molecular de copia única para la identificaciones de polimor",83,0,5e937f2cec4a89e7c6000032,Foro de dudas generales,,
EVOLFUND,course-v1:UTPL+EVOLFUND5+2020_1,5eae17d7ec4a8995340019e6,,"Con respecto al test de la semana 3, se debe especificar de manera más precisa a que se quiere direccionar la pregunta ya que en la clase se dice que la mayor cantidad de mutaciones son neutrales para el organismo en el sentido de las regiones no codificantes tales como los intrones; si bien se dice que de la parte codificante la mayoría de mutaciones son perjudiciales, en el organismo, la existencia de intrones en el genoma tomandose como sinónimo de organismo es mayor, por consiguiente la resp",104,0,5e937f2cec4a89e7c6000032,Foro de dudas generales,,
EVOLFUND,course-v1:UTPL+EVOLFUND5+2020_1,5eb19086ec4a899534001fc2,,"Yo también concuerdo con tú planteamiento falta más precisión en las preguntas Por ejemplo P.8 no específica sí son los intrones o los exones , el temario menciona que existen más mutaciones neutrales en los intrones y posterior a ello la supuesta respuesta correcta aparece como si fuese las mutaciones perjudiciales sin aclarar intrones o exones.",56,0,5e937f2cec4a89e7c6000032,Foro de dudas generales,,5eae17d7ec4a8995340019e6
EVOLFUND,course-v1:UTPL+EVOLFUND5+2020_1,5eb19e4fec4a89a6840020f9,,"Con relación al Reto menciona fechas erróneas Período para calificar a sus compañeros 14 de mayo al 21 de enero. La fecha límite de entrega de lo que usted ha calificado es el 17 de enero a media noche, también tengo inquietudes de donde debo subir las datos método científico que obtenga del ejercicio de simulación...",56,0,5eaef971ec4a89a9a8001c48,RETOS ,,
EVOLFUND,course-v1:UTPL+EVOLFUND5+2020_1,5eb2253aec4a89a6840021d2,,"Los polimorfismos son mutaciones puntales ya que se sabe que son los cambios de un solo gen y se mapean en un unico locus cromosomico, siendo el caso de la sustitucion como el cambio de un nucleotido. Por otro lado un marcador molecular son biomoleculas que se relacionan con rasgos geneticos dentro de las cuales se encuentran las proteinas y el DNA; en el caso del DNA deben ser genes conocidos o fragmentos de secuencia y funcion desconocida. De manera que se podria considerar como un marcador mo",119,0,5eadf991ec4a897315001a87,Mutación génica por sustitución,,
EVOLFUND,course-v1:UTPL+EVOLFUND5+2020_1,5eb94d17ec4a89953400253d,,"hola Paola, si hablas de las respuestas en las casillas, solamente debemos colocar eso, las respuestas sin signo ni cualquier otro, y en la tercera respuesta se añade un signo para indicar el porcentaje. Espero haberte sido de ayuda",39,0,5eb8898bec4a899534002492,Problema de Hardy ,,
EVOLFUND,course-v1:UTPL+EVOLFUND5+2020_1,5eb99001ec4a89a684002797,,"quien logró resolver el tema de los retos, ayuda por favor",11,0,5eaef971ec4a89a9a8001c48,RETOS ,,
EVOLFUND,course-v1:UTPL+EVOLFUND5+2020_1,5ebad5ffec4a89a684002911,,"Buenos días, La semana anterior las fechas estaban mal pensé que ésta sección no contaba en éste curso gratuito , ahora dice que la fecha de entrega es el 13 de mayo y hoy es 12 de mayo, pero ya esta cerrado, no empezado, no debería tomarse en cuenta éste reto porque no fue funcional, tomé toda la mañana para hacer ésto y cuando quiero poner las respuestas me dice que ya está cerrado. Solucionar ésto, por favor. gracias.",79,0,5eb9e090ec4a89a9a8002821,Error en el reto,,
EVOLFUND,course-v1:UTPL+EVOLFUND5+2020_1,5ebad859ec4a89a9a80028ef,,¿Cuál fue el Test Avg?,5,0,5e937f2cec4a89e7c6000032,Foro de dudas generales,,
EVOLFUND,course-v1:UTPL+EVOLFUND5+2020_1,5ebda1a9ec4a897315002b94,,"Auxilio al momento de calificar me sale ese mensaje y no puedo calificar mas trabajos. Ya subí mi trabajo y sale todo correcto en esa parte, pero al momento de calificar me sale ese mensaje de que no se sube la evaluación que le hago a un compañero. Esto sale en las Preguntas Pre experimento, en la segunda parte que estaba mas abajo de las primeras preguntas. En el progreso también se registra que falta esta segunda parte para poder tener la nota completa, ayuda docente ¿como se soluciona eso?!i",99,0,5e937f2cec4a89e7c6000032,Foro de dudas generales,,
EVOLFUND,course-v1:UTPL+EVOLFUND5+2020_1,5ebdaa69ec4a897315002b9f,,"Tengo el mismo problema, por favor una solución!",8,0,5ebd9096ec4a89a9a8002b70,"AUXILIO NO PUEDO CALIFICAR, ERROR",,
EVOLFUND,course-v1:UTPL+EVOLFUND5+2020_1,5ebdf1c2ec4a899534002967,,"Se me presenta el mismo problema, Corregir por favor!",9,0,5ebd9096ec4a89a9a8002b70,"AUXILIO NO PUEDO CALIFICAR, ERROR",,
EVOLFUND,course-v1:UTPL+EVOLFUND5+2020_1,5ebe23dfec4a899534002998,,CORREGIIIR POR FAVOR! SALE COMO SI ESE DUPLICADO VALIERA LA MITAD DE LA CALIFICACIÓN gracias,15,0,5ebd9096ec4a89a9a8002b70,"AUXILIO NO PUEDO CALIFICAR, ERROR",,
EVOLFUND,course-v1:UTPL+EVOLFUND5+2020_1,5ebf6354ec4a89a9a8002d1a,,"Yo también tengo el mismo error, por favor ayuda...!!!!!",9,0,5ebd9096ec4a89a9a8002b70,"AUXILIO NO PUEDO CALIFICAR, ERROR",,
EVOLFUND,course-v1:UTPL+EVOLFUND5+2020_1,5ec0291aec4a89a9a8002d5b,,"Se debe descargar la actualización de java, te adjunto la imagen para que me comprendas mejor. Tenia el mismo problema. !ingrese la descripción de la imagen aquí 1 http",29,0,5ebf4b09ec4a89a684002d17,Fallo en el programa,,
EVOLFUND,course-v1:UTPL+EVOLFUND5+2020_1,5ec02925ec4a89a684002d93,,!ingrese la descripción de la imagen aquí 1 media 15896517467674923.png,10,0,5ebf4b09ec4a89a684002d17,Fallo en el programa,,5ec0291aec4a89a9a8002d5b
EVOLFUND,course-v1:UTPL+EVOLFUND5+2020_1,5ec06c3eec4a89a684002de7,,tengo el mismo inconveniente,4,0,5ebf6529ec4a899534002a9a,ERROR CALIFICACIÓN RETO 1   !!!!,,
EVOLFUND,course-v1:UTPL+EVOLFUND5+2020_1,5ec0a6beec4a899534002b9c,,"Tengo el mismo problema, si el tutor puede ayudarnos por favor, se lo agradecería mucho",15,0,5ec08e0aec4a897315002e11,ERROR RETO PARTE 2,,
EVOLFUND,course-v1:UTPL+EVOLFUND5+2020_1,5ec0ab7cec4a897315002e40,,Tengo el mismo problema ayuda por favor,7,0,5ec08e0aec4a897315002e11,ERROR RETO PARTE 2,,
EVOLFUND,course-v1:UTPL+EVOLFUND5+2020_1,5ec0bef6ec4a89a9a8002e2b,,Tengo en mismo problema y no deja culminar con el reto,11,0,5ebd9096ec4a89a9a8002b70,"AUXILIO NO PUEDO CALIFICAR, ERROR",,
EVOLFUND,course-v1:UTPL+EVOLFUND5+2020_1,5ec0c3afec4a89a9a8002e2f,,Mismo problema,2,0,5ec08e0aec4a897315002e11,ERROR RETO PARTE 2,,
EVOLFUND,course-v1:UTPL+EVOLFUND5+2020_1,5ec16673ec4a899534002be6,,Mismo problema,2,0,5ec08e0aec4a897315002e11,ERROR RETO PARTE 2,,
EVOLFUND,course-v1:UTPL+EVOLFUND5+2020_1,5ec1b1cfec4a89a684002f16,,"Buenas tardes, de igual manera solicito muy comedidamente ayuda para realizar el reto ya que el sistema no permite completarlo, gracias",21,0,5ec17b6dec4a899534002bf8,ERROR RETO,,
EVOLFUND,course-v1:UTPL+EVOLFUND5+2020_1,5ec35ae2ec4a89a9a8003143,,"Saludos, por favor estimado docente, ayúdenos con dicho inconveniente. gracias.",10,0,5ec31739ec4a89a684003110,Reto 2,,
EVOLFUND,course-v1:UTPL+EVOLFUND5+2020_1,5ec4b4b4ec4a89a9a8003253,,Tengo el mismo problema! Favor revisar y tomar en cuenta para que no perjudique la calificación final del curso! gracias...,20,0,5ebf2541ec4a89a684002cdf,ERROR CALIFICACIÓN RETO 1 ,,
EVOLFUND,course-v1:UTPL+EVOLFUND5+2020_1,5ec5a0e8ec4a89a9a80032bd,,"Buenas tardes disculpen los inconvenientes, por favor coméntenme si está solucionado este problema. gracias",14,0,5ec31739ec4a89a684003110,Reto 2,,5ec35ae2ec4a89a9a8003143
EVOLFUND,course-v1:UTPL+EVOLFUND5+2020_1,5ec5a8c3ec4a89a9a80032c9,,"Que pena, no pensé que se solucionaría el reto 1 y ya se ha cerrado!",15,0,5ec31739ec4a89a684003110,Reto 2,,5ec35ae2ec4a89a9a8003143
EVOLFUND,course-v1:UTPL+EVOLFUND5+2020_1,5eca1ab4ec4a89a6840036da,,tengo el mismo problema,4,0,5ec1de1dec4a89a9a8002f4f,URGENTE ERROR!!!!!,,
EVOLFUND,course-v1:UTPL+EVOLFUND5+2020_1,5f8db5bbec4a89a684004fda,,"Buenos días, soy Nadia Belén En mi opinión esta metodología de aprendizaje es bastante interesante, los contenidos son muy didácticos y científicos",22,0,5e937e8bec4a890c2400002a,Foro de presentación,,
EVOLFUND,course-v1:UTPL+EVOLFUND6+2020_2,5f8e0018ec4a897315005254,,"!Aqui tambien tengo incovenientes dice que esta mal la actividad cuando yo veo que esta bien, no entiendo porque sale asi 1 media 16031415635780233.jpeg",24,1,5f8dfd23ec4a89a9a80051f7,progreso,,
EVOLFUND,course-v1:UTPL+EVOLFUND6+2020_2,5f8e007eec4a897315005259,,"Esta actividad también tengo inconveniente dice que esta mal, cuando yo veo que esta bien el ejercicio, me puede explicar porque sale asi. no quiero tener mala notas",28,0,5f8dfd23ec4a89a9a80051f7,progreso,,5f8e0018ec4a897315005254
EVOLFUND,course-v1:UTPL+EVOLFUND6+2020_2,5f8e03e4ec4a89a9a800524f,,!ingrese la descripción de la imagen aquíingrese la descripción de la imagen aquí 1 media 16031426235678931.jpeg,16,0,5f8dfd23ec4a89a9a80051f7,progreso,,
EVOLFUND,course-v1:UTPL+EVOLFUND6+2020_2,5f8e0405ec4a899534004dd5,,!ingrese la descripción de la imagen aquí 1 media 16031426568549554.jpeg,10,0,5f8dfd23ec4a89a9a80051f7,progreso,,
EVOLFUND,course-v1:UTPL+EVOLFUND6+2020_2,5f8e0420ec4a89a684005382,,"asi me sale , deberían abrir la opción de revisar.",10,0,5f8dfd23ec4a89a9a80051f7,progreso,,5f8e0405ec4a899534004dd5
EVOLFUND,course-v1:UTPL+EVOLFUND6+2020_2,5f8e6f86ec4a89a684005885,,"Buenas noches, tengo el mismo inconveniente con la actividad ya que no me permite enviar ni guardar mis resultados. Solicito ayuda porfavor.",22,1,5f8dfd23ec4a89a9a80051f7,progreso,,
EVOLFUND,course-v1:UTPL+EVOLFUND6+2020_2,5f8e798bec4a8995340052e4,,buenas noches mi nombre es Joselyn Avilés y estoy muy animada de comenzar este curso virtual....,16,0,5f8e2a8dec4a899534004fca,Presentación,,
EVOLFUND,course-v1:UTPL+EVOLFUND6+2020_2,5f8efdf7ec4a899534005390,,"Buenos días docente, compañeras y compañeras, mi nombre es Valeria Vinueza tengo 24 años actualmente estoy terminando mi carrera de docente en Ciencias Naturales del Ambiente, Biología y Química, el motivo de emprender este nuevo reto es el de adquirir todo el conocimiento posible dentro de la Asignatura Fundamentos de Evolución, me es grato poder ser estudiante de un docente tan preparado académicamente como profesionalmente, muchas gracias.",67,0,5f8ed0a3ec4a899534005319,Presentación,,
EVOLFUND,course-v1:UTPL+EVOLFUND6+2020_2,5f8efeaeec4a899534005395,,Buenos dias yo tambien tengo el mismo problema,8,1,5f8dfd23ec4a89a9a80051f7,progreso,,
EVOLFUND,course-v1:UTPL+EVOLFUND6+2020_2,5f8f0768ec4a8995340053b3,,Buenos días con todos. Aquí les dejo el link del grupo de whatsapp para que puedan unirse.,17,0,5f8ed0a3ec4a899534005319,Presentación,,
EVOLFUND,course-v1:UTPL+EVOLFUND6+2020_2,5f8f21f6ec4a89a9a80058b4,,"Buenas tardes tengo el mismo inconveniente de mis compañeros, por favor podrian ayudarnos",13,1,5f8dfd23ec4a89a9a80051f7,progreso,,
EVOLFUND,course-v1:UTPL+EVOLFUND6+2020_2,5f8f7088ec4a89a9a8005a31,,"Buenas tardes me sucede lo mismo, como se puede resolver el problema. gracias",13,1,5f8dfd23ec4a89a9a80051f7,progreso,,
EVOLFUND,course-v1:UTPL+EVOLFUND6+2020_2,5f9070f0ec4a89a684005e09,,"Buenos días con todos mi nombre es Indira Delgado tengo 21 años y estoy cursando la carrera de Ingeniería en Biotecnología, a través de este curso aspiro poder ampliar mi conocimiento en esta área que me es de mucho interés.",40,0,5f8ed0a3ec4a899534005319,Presentación,,
EVOLFUND,course-v1:UTPL+EVOLFUND6+2020_2,5f907151ec4a89a684005e0c,,"De igual manera yo realice el test pero no permite enviar, incluso en la fecha máxima de realización dice 3 de julio de 2020.",24,1,5f8dfd23ec4a89a9a80051f7,progreso,,
EVOLFUND,course-v1:UTPL+EVOLFUND6+2020_2,5f90ebe4ec4a8995340058ef,,"Tengo problemas con el primer test, no puedo guardar las respuestas.",11,0,5f90cc52ec4a897315005dd2,Error en la actualización de la fecha del test 1,,
EVOLFUND,course-v1:UTPL+EVOLFUND6+2020_2,5f9111d3ec4a89a9a8005e10,,"Yo coloqué todos los cuadritos exactamente en el centro de cada imagen y me salió el visto, porque al igual que usted, me aparecía como se le muestra.",28,0,5f8dfd23ec4a89a9a80051f7,progreso,,5f8e0018ec4a897315005254
EVOLFUND,course-v1:UTPL+EVOLFUND6+2020_2,5f91bfecec4a897315005f3e,,"Saludos estimad compañer, saludos estimado docente Mi nombre es Iliana Lopez, mi expectativa del curso es tener claro los conceptos básicos sobre evolución, que las instrucciones sean claras, ordenadas y con una coherencia que permitan acceder con facilidad el aprendizaje.",40,0,5f8ed0a3ec4a899534005319,Presentación,,
EVOLFUND,course-v1:UTPL+EVOLFUND6+2020_2,5f92360dec4a899534005ac9,,Tengo el mismo problema.,4,0,5f90cc52ec4a897315005dd2,Error en la actualización de la fecha del test 1,,
EVOLFUND,course-v1:UTPL+EVOLFUND6+2020_2,5f931bf3ec4a8973150060ef,,"Buenas tardes, tengo el mismo problema ya que no se guarda las respuestas,",13,0,5f90cc52ec4a897315005dd2,Error en la actualización de la fecha del test 1,,
EVOLFUND,course-v1:UTPL+EVOLFUND6+2020_2,5f939deeec4a89a6840062e3,,"Buenas noches, tengo el mismo inconveniente. no puedo guardar mis respuestas",11,0,5f90cc52ec4a897315005dd2,Error en la actualización de la fecha del test 1,,
EVOLFUND,course-v1:UTPL+EVOLFUND6+2020_2,5f978591ec4a89e66d00027c,,Un gusto saludarles. Espero el proceso de capacitación cumpla con las expectativas y permita aumentar nuestro acerbo cultural.,18,0,5f9761a7ec4a89afaa00025f,Foro de dudas generales,,
EVOLFUND,course-v1:UTPL+EVOLFUND6+2020_2,5f979eccec4a89e66d0002aa,,gracias por el link Gabriela!,5,0,5f8ed0a3ec4a899534005319,Presentación,,5f8f0768ec4a8995340053b3
EVOLFUND,course-v1:UTPL+EVOLFUND6+2020_2,5f99bc9aec4a89e66d00041f,,"buenos días, el problema aún sigue. No se puede guardar la evaluación la acabo de realizar otra vez, es exactamente 28 10 200 11 30 de la tarde Hora Galápagos",30,0,5f97aa9eec4a89e66d0002b7,ARREGLO REGISTRO TEST 1,,
EVOLFUND,course-v1:UTPL+EVOLFUND6+2020_2,5f99e46fec4a8981a10003f6,,De los cerditos?? Sí realizas el cuadro de Mendel con equilibrio Weinberg seria Aa x Aa fácilmente se podría saber 25 25 ó 2pq seria 2 p q 0.5x100 50,30,0,5f97c52fec4a8983810002c0,autoevaluacion ,,
EVOLFUND,course-v1:UTPL+EVOLFUND6+2020_2,5f9a11a0ec4a89afaa000478,,BUENAS NOCHES SIGUE EL PROBLEMA DEL TEST 1,8,0,5f97aa9eec4a89e66d0002b7,ARREGLO REGISTRO TEST 1,,5f99bc9aec4a89e66d00041f
EVOLFUND,course-v1:UTPL+EVOLFUND6+2020_2,5f9a1ad3ec4a89afaa000480,,"Me pasa igual, revisar por favor el problema",8,0,5f99bb5bec4a89e66d00041d,TEST 1 AUN NO SE ARREGLA ,,
EVOLFUND,course-v1:UTPL+EVOLFUND6+2020_2,5f9a1b68ec4a89afaa000483,,También me pasa lo mismo no se guarda y eso que lo realice ayer sera que nos pueden ayudar por favor,21,0,5f99bb5bec4a89e66d00041d,TEST 1 AUN NO SE ARREGLA ,,
EVOLFUND,course-v1:UTPL+EVOLFUND6+2020_2,5f9a1c17ec4a89afaa000484,,Me pasó lo mismo por favor una solución,8,0,5f99bb5bec4a89e66d00041d,TEST 1 AUN NO SE ARREGLA ,,
EVOLFUND,course-v1:UTPL+EVOLFUND6+2020_2,5f9a1de7ec4a89afaa000486,,"Aún sigo con este problema, necesitamos una pronta solución , y según la plataforma la fecha limite es hasta las 00 00",22,0,5f99bb5bec4a89e66d00041d,TEST 1 AUN NO SE ARREGLA ,,
EVOLFUND,course-v1:UTPL+EVOLFUND6+2020_2,5f9a4f3aec4a89afaa0004b2,,"La sopa de letras y la de los personajes son actividades de autoevaluación, es decir no tienen nota. El único que si debería tener nota y por ende progreso es el Test 1 que no se actualiza todavía la fecha para enviar.",42,0,5f9a240bec4a89afaa00048f,Ni una actividad se guarda,,
EVOLFUND,course-v1:UTPL+EVOLFUND6+2020_2,5f9afa64ec4a89afaa0004d7,,muchas gracias,2,0,5f97c52fec4a8983810002c0,autoevaluacion ,,5f99e46fec4a8981a10003f6
EVOLFUND,course-v1:UTPL+EVOLFUND6+2020_2,5f9b39a4ec4a898381000516,,intente todo el dia de ayer y hoy igual ya no se pudo guardar una solucion por favor,18,0,5f99bb5bec4a89e66d00041d,TEST 1 AUN NO SE ARREGLA ,,
EVOLFUND,course-v1:UTPL+EVOLFUND6+2020_2,5f9b4904ec4a8981a10004b2,,Por favor es necesario que queden claros los horarios de apertura y cierre de los test con la debida anticipación. En otros cursos no hemos tenido esos problemas... se le agradecería su colaboración.,33,0,5f99bb5bec4a89e66d00041d,TEST 1 AUN NO SE ARREGLA ,,
EVOLFUND,course-v1:UTPL+EVOLFUND6+2020_2,5f9b4d32ec4a89afaa000505,,me parece muy bien gracias.,5,0,5f9a93d5ec4a89afaa0004bb,grupo de whatsapp,,
EVOLFUND,course-v1:UTPL+EVOLFUND6+2020_2,5f9b70afec4a89e66d000520,,Gran idea,2,0,5f9a93d5ec4a89afaa0004bb,grupo de whatsapp,,
EVOLFUND,course-v1:UTPL+EVOLFUND6+2020_2,5f9b8324ec4a89e66d000529,,"Saludos, he realizado el test 1 pero no se guarda las respuesta y no se registra en el progreso.",19,0,5f99bb5bec4a89e66d00041d,TEST 1 AUN NO SE ARREGLA ,,
EVOLFUND,course-v1:UTPL+EVOLFUND6+2020_2,5f9d4acdec4a8981a1000570,,tes y arrastrar realice varias veces y no se guarda,10,0,5f99bb5bec4a89e66d00041d,TEST 1 AUN NO SE ARREGLA ,,
EVOLFUND,course-v1:UTPL+EVOLFUND6+2020_2,5f9d9a51ec4a89e66d0005c7,,"Disculpen perdí la evaluación del 28 de octubre , ya no puedo enviar respuestas. Saben cuanto afecta a la posibilidad de culminar bien el curso . gracias",27,0,5f9a93d5ec4a89afaa0004bb,grupo de whatsapp,,
EVOLFUND,course-v1:UTPL+EVOLFUND6+2020_2,5f9eec1cec4a8981a10005cd,,Tiene razon la fecha de cierre es para hoy.......porque cerraron antes de la fecha y hora establecida,17,0,5f9ee70eec4a89838100061b,LA FECHA ESTABA EN LA 00:00 DEL DIA SIGUIENTE,,
EVOLFUND,course-v1:UTPL+EVOLFUND6+2020_2,5f9eed2fec4a89838100061d,,"AHI ESTA LA EXPLICACION DEL HORARIO, PARECE QUE DIFIERE DE 24 HORAS Es importante que usted conozca que la plataforma de Open Campus está basada en estándares internacionales, por lo cual la hora que se observa en las diferentes actividades planteadas se marca a un horario que se distingue por las siglas UTC. Esto difiere de la hora de Ecuador 5 horas menos , como puede verificar en este enlace. Ejemplo Si la fecha límite es el 30 de abril a las 23h00, esto significa que son las 18h00 de Ecuador",144,0,5f9ee70eec4a89838100061b,LA FECHA ESTABA EN LA 00:00 DEL DIA SIGUIENTE,,
EVOLFUND,course-v1:UTPL+EVOLFUND6+2020_2,5f9f06c7ec4a89afaa00060a,,esta en lo correcto PERO PUEDE REDUCIRLE 5 MIN ANTES DE LAS 00 00 SI LO PUEDE COLOCAR A LAS 23 55 UTC CON LA FECHA LIMITE DEL DIA 01 DE NOVIEMBRE YA QUE INDICA LA FECHA LIMITE QUE ES EL DIA 01 DE NOVIEMBRE,45,0,5f9ee70eec4a89838100061b,LA FECHA ESTABA EN LA 00:00 DEL DIA SIGUIENTE,,5f9eed2fec4a89838100061d
EVOLFUND,course-v1:UTPL+EVOLFUND6+2020_2,5f9f2aaeec4a89838100063c,,a mi también me paso lo mismo.,7,0,5f9ee70eec4a89838100061b,LA FECHA ESTABA EN LA 00:00 DEL DIA SIGUIENTE,,
EVOLFUND,course-v1:UTPL+EVOLFUND6+2020_2,5f9f62cfec4a89e66d000650,,"Otra cosa, ninguna actividad de autoevaluación, tampoco se guarda, nada ni sopa de letras.",14,0,5f9f627fec4a89e66d00064f,No se guarda ninguna actividad,,
EVOLFUND,course-v1:UTPL+EVOLFUND6+2020_2,5f9f63adec4a89afaa00063b,,"También opino que no es necesario limitar test y actividades ya que existen personas con el horario muy complejo, tuve la experiencia de seguir un curso en Chile y todas las actividades y evaluaciones quedaban hasta el día en el que se cerraba el curso, así que al menos eso fuera bueno que hagan",54,0,5f9f627fec4a89e66d00064f,No se guarda ninguna actividad,,
EVOLFUND,course-v1:UTPL+EVOLFUND6+2020_2,5f9f927fec4a89afaa000655,,Igual,1,0,5f9ee70eec4a89838100061b,LA FECHA ESTABA EN LA 00:00 DEL DIA SIGUIENTE,,5f9f2aaeec4a89838100063c
EVOLFUND,course-v1:UTPL+EVOLFUND6+2020_2,5f9f92e0ec4a89e66d000666,,Buenas noches tengo el mismo problema.,6,0,5f8dfd23ec4a89a9a80051f7,progreso,,5f8f7088ec4a89a9a8005a31
EVOLFUND,course-v1:UTPL+EVOLFUND6+2020_2,5fa09835ec4a8983810006cb,,"Ni el test 2 , yo pienso que deben restablecer la plataforma y dar un día para llenar ambos test y sus respectivas actividades",24,1,5f9f9c62ec4a8981a100061b,Test 1 y sopa letras no se guardan,,
EVOLFUND,course-v1:UTPL+EVOLFUND6+2020_2,5fa1d24bec4a898381000728,,"tengo el mismo problema, los test, estoy haciendo con tiempo, pero no se guarda el progreso, me ayudarían con ese problema porfavor.",22,1,5f9f9c62ec4a8981a100061b,Test 1 y sopa letras no se guardan,,
EVOLFUND,course-v1:UTPL+EVOLFUND6+2020_2,5fa2ef01ec4a8981a1000701,,"Al parecer nadie responderá Ya llevamos días pidiendo solución, y nadie se precipita hacer algo",15,0,5fa17bb0ec4a8983810006ff,"TEST 3: PREGUNTA 8 = MUY AMBIGÜA,    FAVOR FORMULAR CORRECTAMENTE",,
EVOLFUND,course-v1:UTPL+EVOLFUND6+2020_2,5fa30413ec4a89e66d000731,,La respuesta q el sistema la señala como correcta es perjudiciales,11,0,5fa17bb0ec4a8983810006ff,"TEST 3: PREGUNTA 8 = MUY AMBIGÜA,    FAVOR FORMULAR CORRECTAMENTE",,5fa2ef01ec4a8981a1000701
EVOLFUND,course-v1:UTPL+EVOLFUND6+2020_2,5fa43e73ec4a89e66d000780,,buenas tardes las actividades no se me pueden guardar,9,0,5f9f6c5aec4a89838100065d,ACTIVIDADES NO SE PUEDEN  GUARDAR,,
EVOLFUND,course-v1:UTPL+EVOLFUND6+2020_2,5fa586ffec4a8981a10007ce,,"Tengo la misma inconformidad, ya que la mayoría de las mutaciones se dan en regiones no codificantes por ende van a ser neutrales.",23,0,5fa17bb0ec4a8983810006ff,"TEST 3: PREGUNTA 8 = MUY AMBIGÜA,    FAVOR FORMULAR CORRECTAMENTE",,
EVOLFUND,course-v1:UTPL+EVOLFUND6+2020_2,5fa8998dec4a8981a10008d1,,Yo llevo el mismo problema hace roto con otras materias de la plataforma se llena todo el rato y no se guarda por favor den solución a esto,28,0,5f9f9c62ec4a8981a100061b,Test 1 y sopa letras no se guardan,,
EVOLFUND,course-v1:UTPL+EVOLFUND6+2020_2,5faac411ec4a89afaa000976,,Me pasa lo mismo,4,0,5fa8470aec4a8981a1000884,Problemas con el Test 3 ,,
EVOLFUND,course-v1:UTPL+EVOLFUND6+2020_2,5fadd582ec4a89e66d0009ff,,"hola, yo igual tengo problemas, no me permite enviar, me sale que la fecha de entrega ya pasó",18,1,5fac41a4ec4a89e66d0009b4,Problemas con las fechas de los retos,,
EVOLFUND,course-v1:UTPL+EVOLFUND6+2020_2,5fb01ebaec4a8981a1000aba,,No hay como trabajar con los retos la fechaya esta caducada,11,0,5f95f7dbec4a89e66d000085,A los responsables del curso,,
EVOLFUND,course-v1:UTPL+EVOLFUND6+2020_2,5fb03405ec4a898381000b37,,"Y lo mismo ocurrió con el reto 1, lo cual no se soluciona",13,1,5facc795ec4a8981a1000a24,3 retos para este 15 y están inhabilitados? FAVOR HABILITAR,,
EVOLFUND,course-v1:UTPL+EVOLFUND6+2020_2,5fbacd62ec4a89afaa000ce0,,Me pasa lo mismo,4,0,5fbacb47ec4a898381000db3,test 5,,
EVOLFUND,course-v1:UTPL+EVOLFUND6+2020_2,5fbadb16ec4a898381000db7,,a mi igual,3,0,5fbacb47ec4a898381000db3,test 5,,
EVOLFUND,course-v1:UTPL+EVOLFUND6+2020_2,5fbb092fec4a89afaa000cef,,Por favor corregir las fechas !,6,0,5fbb091cec4a89afaa000cee,Reto 1,,
EVOLFUND,course-v1:UTPL+EVOLFUND6+2020_2,5fbf0ebaec4a898381001045,,"buenas noches, alguien pudo resolver el asunto de las fechas de las evaluaciones?",13,2,5fbc567fec4a89e66d000d8c,REVISIÓN DE LAS FECHAS DE LOS RETOS,,
EVOLFUND,course-v1:UTPL+EVOLFUND6+2020_2,5fc11bc0ec4a89afaa001018,,"ASÍ ES, CORREGIR FECHAS",4,0,5fbb091cec4a89afaa000cee,Reto 1,,
EVOLFUND,course-v1:UTPL+EVOLFUND6+2020_2,5fc11fcfec4a8981a1001096,,POR FAVOR CORREGIR LAS FECHAS DE LOS RETOS. DE LO CONTRARIO VAMOS A REPROBAR,14,1,5fbda018ec4a898381000fab,PROBLEMAS EN LOS RETOS ,,
EVOLFUND,course-v1:UTPL+EVOLFUND6+2020_2,5fc3dc82ec4a89afaa0010c2,,"Parece que no, yo estuve al día con mis evaluaciones y en el primer test solo daba la opción de ver las respuestas y al día siguiente salió que el test había caducado usted ha intentado 0 de 2 veces .",41,0,5fbc567fec4a89e66d000d8c,REVISIÓN DE LAS FECHAS DE LOS RETOS,,5fbf0ebaec4a898381001045
EVOLFUND,course-v1:UTPL+EVOLFUND6+2020_2,5fc473b2ec4a8981a100119c,,qué tristeza..!!!! la reprobación está asegurada....!!! negativo,7,0,5fbda018ec4a898381000fab,PROBLEMAS EN LOS RETOS ,,5fc11fcfec4a8981a1001096
EVOLFUND,course-v1:UTPL+EVOLFUND6+2020_2,5fce4b2bec4a8981a10013ae,,ASI ES COMPAÑEROS EL TEST 1 NO SE GUARDA,9,0,5f99bb5bec4a89e66d00041d,TEST 1 AUN NO SE ARREGLA ,,
EVOLFUND,course-v1:UTPL+EVOLFUND6+2020_2,5fd230e4ec4a89838100146d,,"Estimada compañera, ni solucionarán. Lamentablemente en estos cursos uno ha estado más preocupado por todos los errores presentados que por los estudios. ¡Pase bien!",24,0,5fc9bf87ec4a89838100131d,ya se acaba el curso y no nos han permitido hacer los retos,,
EVOLFUND,course-v1:UTPL+EVOLFUND6+2020_2,5fd6c9abec4a8981a10014c4,,Muchas gracias...!,2,0,5fd53165ec4a8983810014c0,Reclamos: Twitter https://twitter.com/opencampus_go y Facebook https://www.facebook.com/OpenCampusGo/community ,,
EVOLFUND,course-v1:UTPL+EVOLFUND6+2020_2,5fe09d95ec4a89afaa0014bb,,ASI ES TEST 1 AUN NO SE ARREGLA. YA SE TERMINA EL CURSO Y NUNCA SE ARREGLO TEST 1,19,0,5f99bb5bec4a89e66d00041d,TEST 1 AUN NO SE ARREGLA ,,
EVOLFUND,course-v1:UTPL+EVOLFUND7+2021_1,6074827aec4a89ffd4000167,,Deben cambiarle las fechas porque sigue con las del curso anterior,11,0,60748236ec4a896de1000191,INQUIETUD,,
EVOLFUND,course-v1:UTPL+EVOLFUND7+2021_1,6074ae26ec4a89c3d50002f4,,"Es verdad, no guarda el puntaje pues no han corregido la fecha del curso anterior",15,1,60748236ec4a896de1000191,INQUIETUD,,
EVOLFUND,course-v1:UTPL+EVOLFUND7+2021_1,60760525ec4a896de100097f,,"me parece, necesitamos cumplir con las actividades pero no podemos porque las fechas no son las correctas y no nos deja guardar la información.",24,1,6075198dec4a896de100071c,Avances ,,
EVOLFUND,course-v1:UTPL+EVOLFUND7+2021_1,60764eafec4a8955ef000a12,,hola buenas noches disculpe profesor las fechas de la evaluacion no estan actualizadas,13,0,6075198dec4a896de100071c,Avances ,,
EVOLFUND,course-v1:UTPL+EVOLFUND7+2021_1,60770d8cec4a89c3d5000bdb,,"ASI ES, NO PODEMOS REALIZAR NI LOS TEST NI LOS RETOS.",11,0,6075198dec4a896de100071c,Avances ,,
EVOLFUND,course-v1:UTPL+EVOLFUND7+2021_1,60771e85ec4a8955ef000b39,,Si por favor corregir las fechas para poder realizar las actividades,11,0,60771450ec4a896de1000bc7,Test,,
EVOLFUND,course-v1:UTPL+EVOLFUND7+2021_1,607792b8ec4a896de1000d2f,,"hola, si por favor tengo el mismo problema",8,0,60771450ec4a896de1000bc7,Test,,
EVOLFUND,course-v1:UTPL+EVOLFUND7+2021_1,6077948bec4a89c3d5000d55,,No se puede realizar las evaluaciones..,6,0,60771450ec4a896de1000bc7,Test,,
EVOLFUND,course-v1:UTPL+EVOLFUND7+2021_1,6078d7afec4a89c3d5000ebf,,"ASI ES, YO TENGO EL MISMO PROBLEMA",7,0,60771450ec4a896de1000bc7,Test,,
EVOLFUND,course-v1:UTPL+EVOLFUND7+2021_1,6078d877ec4a89c3d5000ec4,,TENGO EL MISMO PROBLEMA,4,0,60771450ec4a896de1000bc7,Test,,
EVOLFUND,course-v1:UTPL+EVOLFUND7+2021_1,6078d907ec4a89ffd4000e81,,ME PARECE YA MISMO ACABA LA SEMANA Y NO PUEDO REALIZAR LOS TEST PORQUE LAS FECHAS NO SON LAS CORRECTAS,20,0,6078d858ec4a89c3d5000ec3,INQUIETUD,,
EVOLFUND,course-v1:UTPL+EVOLFUND7+2021_1,6078d931ec4a89c3d5000ec5,,YO TENGO EL MISMO PROBLEMA,5,0,60748236ec4a896de1000191,INQUIETUD,,
EVOLFUND,course-v1:UTPL+EVOLFUND7+2021_1,6078db3fec4a89c3d5000ecb,,"hola Buenas noches, estuve realizando el test pero no se guardan las respuestas",13,0,6078d858ec4a89c3d5000ec3,INQUIETUD,,
EVOLFUND,course-v1:UTPL+EVOLFUND7+2021_1,6078f1e8ec4a896de1000f07,,"q2 4 16 p q 1 q2 0.25 p 1 0.5 q 0.5 p 0.5 BUENAS NOCHES ESTAS SON LOS RESOLUCIONES QUE REALICE PARA LLEGAR A LA RESPUESTA, PERO ME SALE UN MENSAJE LO SIENTO NO SE PUEDE ANALIZAR LA FORMULA. PORFAVOR SI ESTOY HACIENDO MAL ALGO ALGUN TUTOR O COMPAÑERO SEA TAN AMABLE EN AYUDARME POR FAVOR, gracias ME ESCRIBA AL FONO 0987283992, LES ESTARE AGRADECIDO. BUENAS",68,0,6078d858ec4a89c3d5000ec3,INQUIETUD,,
EVOLFUND,course-v1:UTPL+EVOLFUND7+2021_1,60835381ec4a8955ef0013b2,,"hola, a mi me pasa lo mismo. Yo actualizo la página y nada.",13,0,607bc2aeec4a8955ef001074,Test 1,,
EVOLFUND,course-v1:UTPL+EVOLFUND7+2021_1,60836f20ec4a896de10014e1,,Tampoco puedo subir las respuestas de los test,8,0,6083334cec4a896de10014c0,No se puede realizar el test 1,,
EVOLFUND,course-v1:UTPL+EVOLFUND7+2021_1,6083787aec4a89ffd400143d,,"Se puede hacer el test 2, la fecha límite es 24 de abril. Pero el Test 1 no se puede, pero el límite es hoy.",25,0,6083334cec4a896de10014c0,No se puede realizar el test 1,,
EVOLFUND,course-v1:UTPL+EVOLFUND7+2021_1,60845e6dec4a8955ef0013e6,,"Tengo el mismo problema no se me guarda el intento, esperemos solucionen este inconveniente, dado que solo hasta hoy podemos hacerlo.",21,0,6083b0daec4a89c3d5001467,Test 2,,
EVOLFUND,course-v1:UTPL+EVOLFUND7+2021_1,60847ab8ec4a8955ef0013f1,,"Buenas tardes, tampoco pude hacer el test 2, me podrían ayudar con eso c",14,0,6083b0daec4a89c3d5001467,Test 2,,
EVOLFUND,course-v1:UTPL+EVOLFUND7+2021_1,60847b03ec4a8955ef0013f2,,"Los test de las siguientes semanas tampoco se pueden hacer, ya que tienen otras fechas c",16,0,6083b0daec4a89c3d5001467,Test 2,,60847ab8ec4a8955ef0013f1
EVOLFUND,course-v1:UTPL+EVOLFUND7+2021_1,6084c794ec4a8955ef001419,,Buenas noches yo tambien me encuentro en el mismo problema no puedo enviar el test 2.,16,0,6083b0daec4a89c3d5001467,Test 2,,
EVOLFUND,course-v1:UTPL+EVOLFUND7+2021_1,6084d2c8ec4a896de100153b,,Si a mí tampoco me permite enviar,7,0,6083b0daec4a89c3d5001467,Test 2,,6084c794ec4a8955ef001419
EVOLFUND,course-v1:UTPL+EVOLFUND7+2021_1,60851836ec4a89ffd40014a0,,Ni a mi tampoco me dejo enviar por ese error y ahora ya paso la fecha limite,17,0,6083b0daec4a89c3d5001467,Test 2,,6084c794ec4a8955ef001419
EVOLFUND,course-v1:UTPL+EVOLFUND7+2021_1,60860cd3ec4a89ffd40014e3,,Ojalá arreglen ese inconveniente para poder desarrollar el cuestionario,9,0,6083b0daec4a89c3d5001467,Test 2,,
EVOLFUND,course-v1:UTPL+EVOLFUND7+2021_1,608de275ec4a89ffd400168f,,no se envian respuestas de los test,7,0,6085b634ec4a896de100156d,TEST 1 SE DEBE ENVIAR RESPUESTAS ???,,
EVOLFUND,course-v1:UTPL+EVOLFUND7+2021_1,608f2445ec4a89ffd40016e4,,"Buenas tardes, podrían ayudarnos con la actualización del progreso de los test. La anterior semana realicé el test número dos y en esta semana me aparece que no lo he realizado y no se me actualiza por favor. Ayudarnos con ese inconveniente.",42,0,607b575bec4a89c3d50010d3,No permite actualizar progreso,,
EVOLFUND,course-v1:UTPL+EVOLFUND7+2021_1,60903f54ec4a89c3d5001792,,Envio print de pantalla como evidencia que no se guardan las respuestas del Test 3 !ingrese la descripción de la imagen aquí 1 media 16200661259355011.png,25,0,60903c53ec4a8955ef0016cc,ACTUALIZAR FECHA TEST 3,,
EVOLFUND,course-v1:UTPL+EVOLFUND7+2021_1,6099b1f2ec4a896de10019fc,,"Me pasa lo mismo, por favor corregirlo",7,0,6099870aec4a8955ef0018ba,Retos,,
EVOLFUND,course-v1:UTPL+EVOLFUND7+2021_1,609af162ec4a89ffd4001970,,"Me pasa igual me parece que se corrigió la fecha pero con año 2020, favor actualizarlo al año 2021.",19,0,6099870aec4a8955ef0018ba,Retos,,
EVOLFUND,course-v1:UTPL+EVOLFUND7+2021_1,609da353ec4a8955ef001961,,"No se han habilitado los retos, favor corregirlos",8,0,6099870aec4a8955ef0018ba,Retos,,
EVOLFUND,course-v1:UTPL+EVOLFUND7+2021_1,609e9d98ec4a89c3d5001a65,,"si, por favor. Todxs tenemos ese problema y no podemos enviar ni realizar la tarea de buena forma",18,0,609dace1ec4a896de1001a90,Actualizar retos,,
EVOLFUND,course-v1:UTPL+EVOLFUND7+2021_1,609f0944ec4a89c3d5001a71,,"Si, se cambió en la parte de contenidos pero no en el aula como tal, favor corregir este problema para poder subir los retos",24,0,609dace1ec4a896de1001a90,Actualizar retos,,609e9d98ec4a89c3d5001a65
EVOLFUND,course-v1:UTPL+EVOLFUND7+2021_1,60a03164ec4a89ffd4001a03,,si por favor,3,0,609dace1ec4a896de1001a90,Actualizar retos,,
EVOLFUND,course-v1:UTPL+EVOLFUND7+2021_1,60a15f1aec4a896de1001afa,,Estamos 16de mayo y no deja desarrollar retos,8,1,60997099ec4a89c3d5001989,Servicios https://lenincamacho.es.tl,,
EVOLFUND,course-v1:UTPL+EVOLFUND7+2021_1,60a45f54ec4a89c3d5001b45,,!ingrese la descripción de la imagen aquí Deseo me ayuden calificando mi test por favor 1 media 16213850107291509.jpg,18,0,60a45d57ec4a896de1001b65,TEST 4,,
EVOLFUND,course-v1:UTPL+EVOLFUND7+2021_1,60ab229fec4a8955ef001b31,,"Buenas noches, a mi me paso lo mismo y sale que si cuenta como nota aquello en el progreso. Por favor den una solución, gracias !ingrese la descripción de la imagen aquí 1 media 16218281843648457.jpg",35,0,60aac75aec4a896de1001c2d,PROBLEMAS CALIFICACION RETO 1,,
EVOLFUND,course-v1:UTPL+EVOLFUND7+2021_1,60b15a1eec4a89cc79000033,,,0,0,60aadc61ec4a89c3d5001c15,El peor curso,,
EVOLFUND,course-v1:UTPL+EVOLFUND7+2021_1,60b19ec6ec4a89cc79000038,,SI POR FAVOR,3,0,609dace1ec4a896de1001a90,Actualizar retos,,
EVOLFUND,course-v1:UTPL+EVOLFUND7+2021_1,60b387acec4a89cbab00005c,,Comparto su apreciación,3,0,60b32934ec4a89cbab000057,"INVOLUCIÓN,RETROCESO",,
EVOLFUND,course-v1:UTPL+EVOLFUND7+2021_1,60b86267ec4a8921d8000136,,Totalmente de acuerdo,3,0,60b32934ec4a89cbab000057,"INVOLUCIÓN,RETROCESO",,60b387acec4a89cbab00005c
EVOLFUND,course-v1:UTPL+EVOLFUND7+2021_1,60c5933aec4a8925ae0001e0,,Si no se puede guardar el proceso de los test porque no aparece,13,0,60a0b8f9ec4a8955ef0019b9,"TEST 4 Y TEST5  , RETOS ",,
EVOLFUND,course-v1:UTPL+EVOLFUND7+2021_1,60c76e14ec4a89cbab00020b,,Me pasa lo mismo que mi compañera no me califican el trabajo,12,0,60b45301ec4a8921d800008a,Reto (parte 1),,
EVOLFUND,course-v1:UTPL+EVOLFUND7+2021_1,61547909ec4a8992aa000108,,"El maltrato a la humanidad y la esclavitud hace que los seres humanos hasta se desfiguren; es decir la trata de blancas no solo desordena la anatomia de la humanidad y daña sus genes sino tambien genera calentamiento global; , la ciencia trata de demostrar el efecto de la trata de blancas o esclavitud y menciona equivocadamente raza a la diferenciacion por maltrato y exclavitud. PropiedadIntelectual SERVICIOS SUT",68,1,60997099ec4a89c3d5001989,Servicios https://lenincamacho.es.tl,,
EVOLFUND,course-v1:UTPL+EVOLFUND6+2021_2,6178998eec4a89552e000276,,"Estimad participantes buenas tardes, lamento el inconveniente suscitado, las actualizaciones de fechas estaban realizadas en la 7ma edición del curso, pero por alguna razón la versión publicada que Ustedes pueden visualizar es la 6ta. He procedido a la actualización de todas las fechas, por lo tanto les pido que por favor verifiquen si a Ustedes les aparecen también actualizadas. Para el test de la primera semana Historia de la teoría evolutiva he extendido la presentación para este 29 de octubr",91,0,61771a4fec4a89552e00015c,FECHAS DE EVALUACIONES,,
EVOLFUND,course-v1:UTPL+EVOLFUND6+2021_2,61789995ec4a89061200028e,,"Estimad participantes buenas tardes, lamento el inconveniente suscitado, las actualizaciones de fechas estaban realizadas en la 7ma edición del curso, pero por alguna razón la versión publicada que Ustedes pueden visualizar es la 6ta. He procedido a la actualización de todas las fechas, por lo tanto les pido que por favor verifiquen si a Ustedes les aparecen también actualizadas. Para el test de la primera semana Historia de la teoría evolutiva he extendido la presentación para este 29 de octubr",91,0,61773db7ec4a89e1ca000186,FECHAS DE EVALUACIONES,,
EVOLFUND,course-v1:UTPL+EVOLFUND6+2021_2,617eaf4bec4a891c9f000389,,"Buen día gracias por motivos laborables no pude ingresar, en estos días a la plataforma por esta razón no me fue posible realizar la evaluación",25,0,61773db7ec4a89e1ca000186,FECHAS DE EVALUACIONES,,61789995ec4a89061200028e
EVOLFUND,course-v1:UTPL+EVOLFUND6+2021_2,617f5e32ec4a89552e0003ed,,"Aún no me deja registrar los procesos de ningún test c , no guarda ninguna de mis respuestas a los cuestionarios",21,0,61771a4fec4a89552e00015c,FECHAS DE EVALUACIONES,,
EVOLFUND,course-v1:UTPL+EVOLFUND6+2021_2,618063daec4a89552e00040a,,"Tengo el mismo inconveniente, no se registran en el porcentual de progresos.",12,0,61771a4fec4a89552e00015c,FECHAS DE EVALUACIONES,,617f5e32ec4a89552e0003ed
EVOLFUND,course-v1:UTPL+EVOLFUND6+2021_2,6181967aec4a89061200047a,,"Buenas Tardes en mi caso recién me habilitan el poder entrar a la plataforma, por lo que no he podido dar las evaluaciones, por favor como puedo hacer para poder realizarlas. Atentamente Francisco Borja panchoborja.es",35,0,61771a4fec4a89552e00015c,FECHAS DE EVALUACIONES,,6178998eec4a89552e000276
EVOLFUND,course-v1:UTPL+EVOLFUND6+2021_2,618196c1ec4a891c9f0003e8,,"Buenas Tardes en mi caso recién me habilitan el poder entrar a la plataforma, por lo que no he podido dar las evaluaciones, por favor como puedo hacer para poder realizarlas. Atentamente Francisco Borja panchoborja.es",35,0,61773db7ec4a89e1ca000186,FECHAS DE EVALUACIONES,,61789995ec4a89061200028e
EVOLFUND,course-v1:UTPL+EVOLFUND6+2021_2,6181afc2ec4a890612000482,,"Igualmente producto de estos desfaces y sobrecarga de la plataforma sumado al descuido hicieron que no pueda cumplir con los test en las fechas correspondientes, le agradecería se tome en consideración estos aspectos y se compense de alguna forma para tener las mismas posibilidades que el resto de participantes. gracias. Att. Lenny Pachar Ortega",54,0,61773db7ec4a89e1ca000186,FECHAS DE EVALUACIONES,,61789995ec4a89061200028e
EVOLFUND,course-v1:UTPL+EVOLFUND6+2021_2,61841ca3ec4a89e1ca0004e5,,"Buen día, en mi caso realice el test 2 en las fechas indicadas y no se registró, ahora desarrollé el test 3 y este si registro en la pestaña progreso.... he seguido intentando con el test 2 pero no se registra incluso envié unos correos a opencampus.edu.ec y no hubo respuesta. No se si puede habilitar el sistema para desarrollar nuevamente el test 2.",64,0,61773db7ec4a89e1ca000186,FECHAS DE EVALUACIONES,,61789995ec4a89061200028e
EVOLFUND,course-v1:UTPL+EVOLFUND6+2021_2,618434e5ec4a89e1ca0004ec,,"Buenas tardes, hoy nuevamente realice el test 2 y no se registra en la pestaña progreso, he intentado desde la semana pasada. Que podemos hacer para solucionar este problema...",29,0,61771a4fec4a89552e00015c,FECHAS DE EVALUACIONES,,6178998eec4a89552e000276
EVOLFUND,course-v1:UTPL+EVOLFUND6+2021_2,61880186ec4a890612000554,,Igualmente no se me registra ninguna evaluación hasta el momento,10,0,61771a4fec4a89552e00015c,FECHAS DE EVALUACIONES,,617f5e32ec4a89552e0003ed
EVOLFUND,course-v1:UTPL+EVOLFUND6+2021_2,61903f6fec4a89552e000661,,"Buenas tardes me gustaría saber en que consite el reto, por favor",12,1,619008aaec4a89552e00065c,Retos ,,
EVOLFUND,course-v1:UTPL+EVOLFUND6+2021_2,61910f38ec4a89552e000673,,"buenos días, donde puedo conseguir los retos. revise en la pagina y no los encuentro.",15,1,619008aaec4a89552e00065c,Retos ,,
EVOLFUND,course-v1:UTPL+EVOLFUND6+2021_2,619147f5ec4a8906120006de,,"Buenas Tardes en mi caso recién me habilitan para poder ingresar a la plataforma, por lo que no he podido dar las evaluaciones, por favor como puedo hacer para poder realizarlas evaluaciones o test . correo pinto_rodrigo2014.com espero su respuesta de ante mano le quedo agradecido",46,0,61773db7ec4a89e1ca000186,FECHAS DE EVALUACIONES,,61789995ec4a89061200028e
EVOLFUND,course-v1:UTPL+EVOLFUND6+2021_2,6196b687ec4a89552e0007a7,,PORQUE LA FECHA LÍMITE PARA REALIZARLA ERA HASTA EL 13 DE NOVIEMBRE,12,0,61944272ec4a891c9f0006c2,Información sobre la prueba 4,,
EVOLFUND,course-v1:UTPL+EVOLFUND6+2021_2,61a2309cec4a89e1ca000977,,No hay retos,3,0,619008aaec4a89552e00065c,Retos ,,
EVOLFUND,course-v1:UTPL+EVOLFUND7+2022_1,625e0e32ec4a890612000c4f,,"Me pasa igual, sale ya todo vencido por eso no deja enviar el test y todas las notas en progreso salen 0 cuando se supone que la fecha de inicio dice 18 de abril",34,1,625d931eec4a891c9f000add,TEST UNIDAD 1,,
EVOLFUND,course-v1:UTPL+EVOLFUND7+2022_1,625ed398ec4a890612000ca2,,"hola, debemos esperar que el docente que esta a cargo del curso actualice las fechas.",15,0,625d931eec4a891c9f000add,TEST UNIDAD 1,,625e0e32ec4a890612000c4f
EVOLFUND,course-v1:UTPL+EVOLFUND7+2022_1,62622673ec4a890612000ede,,A mi también me sale lo mismo,7,0,625d931eec4a891c9f000add,TEST UNIDAD 1,,625e0e32ec4a890612000c4f
EVOLFUND,course-v1:UTPL+EVOLFUND7+2022_1,6262d975ec4a891c9f000dda,,"LIsto, gracias, ojala actualicen las fechas pronto para evitar confusiones y olvidos",12,0,625d931eec4a891c9f000add,TEST UNIDAD 1,,625e0e32ec4a890612000c4f
EVOLFUND,course-v1:UTPL+EVOLFUND7+2022_1,626311f5ec4a891c9f000e07,,yo igual tengo problemas he esperado y ya mismo termina la semana y nada que actualizan las fechas,18,1,625d931eec4a891c9f000add,TEST UNIDAD 1,,
EVOLFUND,course-v1:UTPL+EVOLFUND7+2022_1,6265e2acec4a890612001008,,"Justamente ese es mi temor, que se caiga la fecha y no haber podido enviar el test",17,0,625d931eec4a891c9f000add,TEST UNIDAD 1,,626311f5ec4a891c9f000e07
EVOLFUND,course-v1:UTPL+EVOLFUND7+2022_1,62675c8aec4a89e1ca0010f2,,Tampoco pude enviar las respuestas de mi test ayuda por favor,11,0,625d931eec4a891c9f000add,TEST UNIDAD 1,,
EVOLFUND,course-v1:UTPL+EVOLFUND7+2022_1,62676d92ec4a89552e00109e,,Sera que nos ayudan si les escribimos al correo opencampus.edu.ec,10,0,625d931eec4a891c9f000add,TEST UNIDAD 1,,625e0e32ec4a890612000c4f
EVOLFUND,course-v1:UTPL+EVOLFUND7+2022_1,62681c21ec4a89552e0010ab,,"Tienes razon, creo que sera mejor si todos o la mayoria escribimos, para que se den cuenta que no es un caso aislado",23,0,625d931eec4a891c9f000add,TEST UNIDAD 1,,625e0e32ec4a890612000c4f
EVOLFUND,course-v1:UTPL+EVOLFUND7+2022_1,626829afec4a89e1ca001118,,"Estimado Dr. Considerar que el curso no esta vigente, por favor actualizar las fechas.",14,0,625d931eec4a891c9f000add,TEST UNIDAD 1,,
EVOLFUND,course-v1:UTPL+EVOLFUND7+2022_1,62696cf3ec4a891c9f000fe0,,"Ya estan actualizadas, primer test hasta el 30 de abril, segundo test hasta mayo 7 Exitos a todos!",18,0,625d931eec4a891c9f000add,TEST UNIDAD 1,,
EVOLFUND,course-v1:UTPL+EVOLFUND7+2022_1,626d975fec4a891c9f001062,,"Disculpa, pero la fecha del 30 de abril estaba en UTC verdad? Porque lo intenté desde ayer a las 10 PM y no me permitió realizarlo",26,0,625d931eec4a891c9f000add,TEST UNIDAD 1,,62696cf3ec4a891c9f000fe0
EVOLFUND,course-v1:UTPL+EVOLFUND7+2022_1,62718873ec4a89e1ca001244,,"Buenas tardes, chicos de pronto un grupo de este curso, les agradecería mucho",13,0,625d931eec4a891c9f000add,TEST UNIDAD 1,,62696cf3ec4a891c9f000fe0
EVOLFUND,course-v1:UTPL+EVOLFUND7+2022_1,6283be47ec4a89e1ca0013a6,,"Dos posibilidades 1. Que sea de una edicion anterior y no han actualizado la informacion 2. Olvidaron de subirlo En todo caso en el progreso no esta tomado en cuenta reto alguno, esperemos en las sgtes 2 semanas si actualizan y lo envian",43,0,6283b21eec4a89552e001384,¿Reto del Curso? ¿Donde está?,,
EVOLFUND,course-v1:UTPL+EVOLFUND7+2022_1,628d9a98ec4a8906120013d8,,Holaaaa,1,0,6281721bec4a89552e001353,Test,,
EVOLFUND,course-v1:UTPL+EVOLFUND7+2021_1,63ef0906ec4a89932200023c,,"!1900322874 14712225 k 454559bcefimasut 1 media 16766097321303267.jpg SERVICIOS lenincamacho.es.tl SUT, ECUADOR 10.000AD, ETZA!. Mercado Super Economico de Bieners, Servicios, Hachas y Divisas!.",22,1,60997099ec4a89c3d5001989,Servicios https://lenincamacho.es.tl,,
EVOLFUND,course-v1:UTPL+EVOLFUND7+2021_1,63ef095cec4a89c79d0001ec,,"!190032274 14712225 k 454559bcefimasut 1 media 16766098267239049.jpg SERVICIOS, lenincamacho.es.tl SUT, ECUADOR 10.000AD, ETZA!. Mercado Super Economico de Bienes, Servicios, Hachas y Divisas!. a",23,1,607a712cec4a89ffd4001064,Servicios https://lenincamacho.es.tl,,
EVOLFUND,course-v1:UTPL+EVOLFUND7+2021_1,6442dcc8ec4a89c79d00036d,,"!454559BCEFIMA BCEFM 1 media 16821034793259843.jpg Deportes y, Salud y Servicio en Bachillerato Técnico Razon Social SERVICIOS, SUT Identidad 1900322874 14712225 k Contacto lenincamacho1977.com Direccion CP 090701 CP 190304 CP 190301 CP 110101 Telefono 0962362874 Producto 1 ver hoja de vida 1900322874 Producto 2 Centros Educativos y Profesionales en cada catedra Producto 3 Innovacion, Desarrollo, Investigacion. Ejm el licor de chuchuguaso elaborado por los campesinos contiene analgesicos y se pu",425,0,607a712cec4a89ffd4001064,Servicios https://lenincamacho.es.tl,,
